TMAX_C,TMIN_C,PRCP_mm,WIND_m_s,date,Bee_Activity
19.0,4.8,0.1,5.88,2020-05-01,Moderate
21.9,13.1,0.0,5.49,2020-05-02,Optimal
21.3,8.4,0.0,6.13,2020-05-03,Optimal
13.9,3.9,0.0,4.84,2020-05-04,Poor
10.6,4.8,4.0,3.47,2020-05-05,Poor
16.2,5.1,0.0,4.36,2020-05-06,Moderate
15.9,6.0,0.0,4.3,2020-05-07,Moderate
8.6,1.7,0.0,6.44,2020-05-08,Poor
16.0,-0.8,0.9,5.46,2020-05-09,Moderate
9.0,4.2,6.3,6.75,2020-05-10,Poor
10.7,1.4,0.0,4.65,2020-05-11,Poor
14.3,0.3,0.0,2.82,2020-05-12,Moderate
17.6,3.8,5.6,6.61,2020-05-13,Poor
21.6,10.9,3.3,4.52,2020-05-14,Moderate
21.0,11.8,0.0,4.58,2020-05-15,Optimal
22.3,9.0,0.0,5.66,2020-05-16,Optimal
14.7,11.1,20.3,7.8,2020-05-17,Poor
13.4,10.2,2.3,6.65,2020-05-18,Poor
20.2,9.8,0.0,4.96,2020-05-19,Optimal
22.9,10.6,0.0,6.09,2020-05-20,Optimal
22.1,10.7,0.0,4.36,2020-05-21,Optimal
21.9,13.4,0.0,3.64,2020-05-22,Optimal
22.2,14.6,22.9,6.26,2020-05-23,Moderate
28.3,11.9,0.0,4.95,2020-05-24,Optimal
28.5,18.1,1.0,5.28,2020-05-25,Moderate
29.1,19.3,1.5,5.51,2020-05-26,Moderate
26.9,20.3,6.0,4.5,2020-05-27,Moderate
21.2,15.4,35.3,4.32,2020-05-28,Moderate
17.7,12.4,0.0,5.64,2020-05-29,Moderate
19.3,10.5,0.0,5.46,2020-05-30,Moderate
22.1,7.4,0.0,3.61,2020-05-31,Optimal
26.7,15.0,2.6,8.13,2020-06-01,Moderate
31.9,20.9,20.6,4.82,2020-06-02,Poor
29.3,18.8,0.8,2.81,2020-06-03,Optimal
30.3,15.8,0.0,3.04,2020-06-04,Moderate
28.1,19.7,1.0,4.84,2020-06-05,Moderate
25.7,16.0,0.0,4.4,2020-06-06,Optimal
27.8,14.4,0.0,5.25,2020-06-07,Optimal
31.3,19.0,0.0,4.71,2020-06-08,Moderate
27.0,19.1,25.8,5.92,2020-06-09,Moderate
23.0,16.9,6.9,7.14,2020-06-10,Moderate
25.0,13.5,0.0,7.4,2020-06-11,Optimal
26.7,13.5,0.3,4.87,2020-06-12,Moderate
20.1,10.1,0.0,4.21,2020-06-13,Optimal
22.6,9.4,0.0,5.33,2020-06-14,Optimal
25.4,11.9,0.0,4.96,2020-06-15,Optimal
27.7,14.8,0.0,4.2,2020-06-16,Optimal
28.8,16.5,0.0,5.33,2020-06-17,Optimal
30.3,16.6,0.0,4.22,2020-06-18,Moderate
24.8,20.1,9.1,3.79,2020-06-19,Moderate
24.3,18.5,38.9,3.8,2020-06-20,Moderate
28.0,14.3,0.3,3.42,2020-06-21,Optimal
21.3,16.5,22.3,3.7,2020-06-22,Moderate
22.1,14.2,0.3,5.04,2020-06-23,Moderate
23.6,13.9,4.1,5.55,2020-06-24,Moderate
27.8,13.7,0.0,3.22,2020-06-25,Optimal
25.3,18.7,24.4,4.02,2020-06-26,Moderate
29.1,18.0,0.0,2.89,2020-06-27,Optimal
30.5,18.3,0.3,5.08,2020-06-28,Moderate
29.9,21.4,13.9,4.96,2020-06-29,Moderate
31.1,21.1,0.0,6.09,2020-06-30,Moderate
30.1,21.8,0.2,3.96,2020-07-01,Moderate
30.9,20.2,0.0,3.03,2020-07-02,Moderate
31.1,20.0,0.7,2.35,2020-07-03,Moderate
31.0,21.4,0.5,2.45,2020-07-04,Moderate
31.7,21.3,0.0,2.72,2020-07-05,Moderate
31.3,22.8,1.2,2.92,2020-07-06,Poor
32.5,23.1,0.7,4.11,2020-07-07,Moderate
32.0,22.0,1.3,3.74,2020-07-08,Poor
31.8,20.8,8.8,3.42,2020-07-09,Poor
28.4,20.5,0.4,5.33,2020-07-10,Moderate
29.1,19.1,0.4,3.41,2020-07-11,Optimal
27.0,17.7,0.0,3.61,2020-07-12,Optimal
28.2,17.3,0.2,4.14,2020-07-13,Moderate
30.0,20.6,9.2,5.95,2020-07-14,Moderate
24.5,17.3,1.1,3.76,2020-07-15,Moderate
27.4,12.8,0.0,3.09,2020-07-16,Optimal
30.7,19.2,0.0,5.0,2020-07-17,Moderate
32.8,24.0,2.1,6.9,2020-07-18,Poor
28.3,22.4,10.0,6.16,2020-07-19,Moderate
26.0,18.1,0.0,3.04,2020-07-20,Optimal
26.8,17.3,7.1,4.81,2020-07-21,Moderate
24.0,17.9,0.6,4.24,2020-07-22,Moderate
26.4,15.0,0.0,2.56,2020-07-23,Optimal
30.0,17.6,0.4,3.81,2020-07-24,Moderate
32.8,21.1,0.0,4.84,2020-07-25,Moderate
31.4,24.7,21.8,4.6,2020-07-26,Poor
28.3,20.3,0.0,5.02,2020-07-27,Optimal
29.8,19.2,0.5,7.37,2020-07-28,Moderate
29.2,18.5,0.0,2.42,2020-07-29,Optimal
26.9,18.1,0.0,4.22,2020-07-30,Optimal
26.3,15.9,0.0,2.48,2020-07-31,Optimal
26.8,15.8,0.0,2.56,2020-08-01,Optimal
24.4,17.4,0.9,5.7,2020-08-02,Moderate
21.7,14.1,0.0,5.38,2020-08-03,Optimal
22.0,12.1,0.0,3.75,2020-08-04,Optimal
24.4,14.8,0.0,2.52,2020-08-05,Optimal
25.8,15.2,0.0,3.71,2020-08-06,Optimal
28.4,16.6,0.0,4.94,2020-08-07,Optimal
30.2,20.7,6.8,7.18,2020-08-08,Poor
30.3,21.6,0.9,5.55,2020-08-09,Moderate
27.0,18.0,10.4,5.35,2020-08-10,Moderate
27.3,15.0,0.0,2.53,2020-08-11,Optimal
28.2,15.3,0.0,4.02,2020-08-12,Optimal
28.6,17.9,2.1,3.73,2020-08-13,Moderate
29.5,17.9,0.0,3.99,2020-08-14,Optimal
25.2,17.6,2.2,5.77,2020-08-15,Moderate
27.6,15.5,0.0,4.81,2020-08-16,Optimal
26.2,17.9,0.3,5.3,2020-08-17,Moderate
25.1,14.2,0.0,3.6,2020-08-18,Optimal
26.5,14.4,0.0,3.58,2020-08-19,Optimal
27.4,17.5,0.0,4.2,2020-08-20,Optimal
29.1,17.1,0.0,4.03,2020-08-21,Optimal
28.0,19.4,3.9,4.77,2020-08-22,Moderate
30.9,18.8,2.6,3.44,2020-08-23,Poor
33.8,20.6,7.3,3.78,2020-08-24,Poor
33.3,20.7,0.1,3.82,2020-08-25,Moderate
33.5,23.0,0.0,5.95,2020-08-26,Moderate
31.1,23.4,0.4,3.98,2020-08-27,Moderate
31.1,22.3,12.1,5.86,2020-08-28,Poor
24.9,17.1,0.0,5.24,2020-08-29,Optimal
25.1,13.3,0.0,3.58,2020-08-30,Optimal
23.6,15.5,7.8,5.03,2020-08-31,Moderate
22.8,11.1,14.5,3.85,2020-09-01,Moderate
27.1,15.8,0.0,5.41,2020-09-02,Optimal
23.0,15.2,0.7,7.12,2020-09-03,Moderate
24.7,12.2,0.0,5.55,2020-09-04,Optimal
25.0,12.8,0.0,3.47,2020-09-05,Optimal
28.9,16.3,20.5,9.27,2020-09-06,Moderate
21.3,12.5,0.7,4.81,2020-09-07,Moderate
14.1,8.9,7.6,5.26,2020-09-08,Poor
11.4,8.3,9.7,5.62,2020-09-09,Poor
11.8,7.7,7.8,3.61,2020-09-10,Poor
15.3,9.9,10.7,4.47,2020-09-11,Poor
20.2,14.9,20.4,4.27,2020-09-12,Moderate
22.9,12.3,0.0,4.04,2020-09-13,Optimal
24.7,13.0,0.0,3.93,2020-09-14,Optimal
26.2,15.7,0.0,6.0,2020-09-15,Optimal
24.3,14.8,0.0,4.72,2020-09-16,Optimal
18.6,9.9,0.0,3.4,2020-09-17,Moderate
16.6,7.5,0.0,3.94,2020-09-18,Moderate
18.8,7.1,0.0,3.81,2020-09-19,Moderate
21.1,10.3,0.0,5.51,2020-09-20,Optimal
23.6,11.9,0.0,5.15,2020-09-21,Optimal
25.6,14.0,0.0,3.18,2020-09-22,Optimal
25.7,13.5,0.0,3.26,2020-09-23,Optimal
22.7,15.9,11.4,4.38,2020-09-24,Moderate
25.9,16.1,0.0,6.2,2020-09-25,Optimal
27.4,18.9,0.0,6.55,2020-09-26,Optimal
24.0,14.3,0.6,4.91,2020-09-27,Moderate
15.1,9.4,1.7,5.7,2020-09-28,Poor
15.8,7.8,0.0,4.92,2020-09-29,Moderate
15.5,10.2,1.1,9.72,2020-09-30,Poor
14.3,8.3,0.6,6.08,2020-10-01,Poor
10.4,5.2,0.0,3.0,2020-10-02,Moderate
11.0,5.0,0.2,2.45,2020-10-03,Poor
11.8,1.1,0.0,3.42,2020-10-04,Moderate
16.9,5.0,0.0,7.48,2020-10-05,Moderate
22.3,10.6,0.0,6.16,2020-10-06,Optimal
20.7,13.0,0.0,4.78,2020-10-07,Optimal
18.9,8.2,0.0,3.83,2020-10-08,Moderate
26.5,13.4,0.0,7.0,2020-10-09,Optimal
21.3,12.8,0.0,4.9,2020-10-10,Optimal
21.4,8.3,0.1,6.19,2020-10-11,Moderate
19.6,10.3,13.1,7.43,2020-10-12,Poor
17.2,9.7,0.2,7.18,2020-10-13,Moderate
18.9,8.4,0.0,8.3,2020-10-14,Moderate
9.3,5.0,0.0,7.54,2020-10-15,Poor
10.3,2.6,1.7,7.0,2020-10-16,Poor
16.3,3.1,2.5,8.63,2020-10-17,Poor
8.2,1.6,0.1,5.15,2020-10-18,Poor
3.0,-3.1,0.5,2.48,2020-10-19,Poor
6.6,-2.0,1.8,4.4,2020-10-20,Poor
9.1,4.5,0.6,4.47,2020-10-21,Poor
8.3,4.1,28.1,6.01,2020-10-22,Poor
5.2,1.4,8.3,6.5,2020-10-23,Poor
4.5,-1.8,0.0,3.26,2020-10-24,Moderate
2.2,-1.4,2.3,3.35,2020-10-25,Poor
2.4,-4.0,0.1,3.64,2020-10-26,Poor
3.5,-5.1,0.0,4.39,2020-10-27,Poor
10.8,-1.0,0.0,5.02,2020-10-28,Poor
5.8,0.4,0.0,6.35,2020-10-29,Poor
6.3,-2.8,0.0,3.72,2020-10-30,Poor
14.6,-0.4,0.0,8.46,2020-10-31,Poor
5.7,-2.1,0.0,8.5,2020-11-01,Poor
10.3,-2.8,0.0,5.5,2020-11-02,Poor
18.6,3.1,0.0,5.02,2020-11-03,Moderate
19.7,9.6,0.0,4.2,2020-11-04,Moderate
20.3,9.0,0.0,3.34,2020-11-05,Optimal
20.9,8.5,0.0,5.35,2020-11-06,Optimal
20.4,13.9,0.0,6.36,2020-11-07,Optimal
21.5,14.1,0.0,6.56,2020-11-08,Optimal
21.3,17.9,1.2,8.85,2020-11-09,Moderate
11.5,1.3,50.1,9.33,2020-11-10,Poor
7.2,-1.3,0.0,7.36,2020-11-11,Poor
11.0,0.0,1.6,5.38,2020-11-12,Poor
2.7,-5.4,0.0,5.45,2020-11-13,Poor
9.0,-1.8,5.6,6.31,2020-11-14,Poor
9.3,-1.8,4.5,9.88,2020-11-15,Poor
8.0,-3.4,0.2,6.58,2020-11-16,Poor
4.6,-4.5,0.0,5.14,2020-11-17,Poor
10.6,-0.8,0.0,7.01,2020-11-18,Poor
16.9,9.5,0.0,6.55,2020-11-19,Moderate
10.9,1.6,0.0,4.6,2020-11-20,Poor
5.7,-3.2,0.0,2.44,2020-11-21,Moderate
6.3,-2.5,0.0,4.56,2020-11-22,Poor
4.1,-1.1,0.0,3.94,2020-11-23,Poor
3.6,-0.7,10.6,4.48,2020-11-24,Poor
4.3,2.9,0.2,3.83,2020-11-25,Poor
7.8,-0.8,0.1,5.02,2020-11-26,Poor
4.2,-2.8,0.0,4.7,2020-11-27,Poor
9.5,-2.0,0.0,4.81,2020-11-28,Poor
5.4,-0.9,0.0,7.49,2020-11-29,Poor
-1.1,-5.5,0.0,6.15,2020-11-30,Poor
2.1,-8.1,0.0,2.53,2020-12-01,Moderate
7.1,-5.7,0.0,3.91,2020-12-02,Poor
4.8,-3.0,0.0,4.49,2020-12-03,Poor
5.8,-1.5,0.0,3.98,2020-12-04,Poor
3.4,-4.5,0.0,2.73,2020-12-05,Moderate
3.9,-1.5,0.0,2.65,2020-12-06,Moderate
3.1,-4.1,0.0,2.5,2020-12-07,Moderate
5.7,-4.1,0.0,4.69,2020-12-08,Poor
9.4,-1.0,0.0,3.22,2020-12-09,Moderate
10.4,-0.9,0.0,3.94,2020-12-10,Poor
3.6,0.8,0.8,6.28,2020-12-11,Poor
2.3,-2.3,4.7,6.62,2020-12-12,Poor
-0.2,-6.6,0.0,4.04,2020-12-13,Poor
-2.7,-6.7,0.0,5.78,2020-12-14,Poor
-3.4,-8.5,0.0,3.01,2020-12-15,Moderate
-0.3,-6.2,0.0,2.83,2020-12-16,Moderate
1.2,-5.3,0.0,2.82,2020-12-17,Moderate
3.2,-5.4,0.0,5.11,2020-12-18,Poor
2.7,-1.4,0.1,3.22,2020-12-19,Poor
3.8,-4.9,0.0,3.58,2020-12-20,Poor
5.9,-1.2,0.4,7.68,2020-12-21,Poor
4.2,-4.9,0.0,6.68,2020-12-22,Poor
11.2,-7.5,0.3,9.82,2020-12-23,Poor
-7.6,-14.3,0.7,8.15,2020-12-24,Poor
-4.7,-16.1,0.0,4.47,2020-12-25,Poor
-0.4,-8.5,0.0,3.61,2020-12-26,Poor
-0.4,-4.6,3.3,4.88,2020-12-27,Poor
-1.1,-7.1,0.0,5.1,2020-12-28,Poor
-2.1,-9.4,7.9,6.08,2020-12-29,Poor
-1.1,-7.2,0.8,7.18,2020-12-30,Poor
-3.8,-14.4,0.0,3.01,2020-12-31,Moderate
-2.4,-10.5,0.0,3.45,2021-01-01,Moderate
-0.6,-12.7,0.0,2.91,2021-01-02,Moderate
0.7,-10.7,0.0,3.58,2021-01-03,Poor
0.7,-6.4,0.1,3.89,2021-01-04,Poor
4.7,-5.6,0.0,3.42,2021-01-05,Moderate
-0.0,-6.6,0.0,3.21,2021-01-06,Moderate
0.2,-4.9,0.0,2.61,2021-01-07,Moderate
-0.5,-6.7,0.0,3.0,2021-01-08,Moderate
-0.8,-7.6,0.0,2.2,2021-01-09,Moderate
-2.4,-8.5,0.0,2.41,2021-01-10,Moderate
2.1,-6.7,0.0,5.5,2021-01-11,Poor
3.8,-4.1,0.0,3.48,2021-01-12,Moderate
4.7,-1.7,0.0,3.41,2021-01-13,Moderate
2.8,-2.5,7.8,3.32,2021-01-14,Poor
3.1,0.4,2.5,3.84,2021-01-15,Poor
2.6,-0.9,2.4,4.38,2021-01-16,Poor
-0.8,-4.2,1.1,2.84,2021-01-17,Poor
-2.8,-10.2,0.1,4.41,2021-01-18,Poor
-1.9,-11.4,1.5,6.16,2021-01-19,Poor
1.9,-17.9,0.0,7.09,2021-01-20,Poor
2.5,-7.9,0.0,8.6,2021-01-21,Poor
-8.7,-16.0,0.0,5.36,2021-01-22,Poor
-4.8,-19.1,0.9,3.89,2021-01-23,Poor
-0.4,-10.1,2.2,3.33,2021-01-24,Poor
-4.4,-12.9,0.3,5.55,2021-01-25,Poor
-3.6,-9.8,2.6,5.59,2021-01-26,Poor
-5.1,-14.1,0.0,3.54,2021-01-27,Poor
-4.1,-20.4,0.0,3.05,2021-01-28,Moderate
-1.6,-11.8,0.0,4.79,2021-01-29,Poor
0.9,-5.1,4.1,6.18,2021-01-30,Poor
0.3,-2.8,7.6,5.28,2021-01-31,Poor
1.1,-5.9,0.0,4.24,2021-02-01,Poor
-0.0,-10.9,0.0,2.6,2021-02-02,Moderate
1.6,-15.5,0.0,5.1,2021-02-03,Poor
1.6,-9.8,13.2,7.7,2021-02-04,Poor
-10.8,-15.0,0.0,6.99,2021-02-05,Poor
-14.2,-21.6,0.0,4.78,2021-02-06,Poor
-17.2,-27.4,0.0,3.47,2021-02-07,Moderate
-13.1,-23.7,0.2,1.84,2021-02-08,Poor
-11.3,-25.1,0.0,3.42,2021-02-09,Moderate
-11.0,-21.8,0.0,2.72,2021-02-10,Moderate
-14.7,-22.3,1.5,3.19,2021-02-11,Poor
-16.6,-21.9,0.4,4.43,2021-02-12,Poor
-17.1,-22.5,1.9,4.13,2021-02-13,Poor
-18.9,-25.4,0.0,4.3,2021-02-14,Poor
-15.5,-25.8,0.0,4.03,2021-02-15,Poor
-7.5,-21.3,0.0,3.31,2021-02-16,Moderate
-8.3,-22.4,0.0,2.55,2021-02-17,Moderate
-4.8,-15.7,0.2,3.22,2021-02-18,Poor
-5.9,-17.4,0.0,3.16,2021-02-19,Moderate
-1.7,-22.1,0.0,3.76,2021-02-20,Poor
-0.8,-8.2,3.7,4.65,2021-02-21,Poor
4.3,-4.6,0.0,5.94,2021-02-22,Poor
7.2,0.6,0.0,5.98,2021-02-23,Poor
5.3,-2.9,0.2,5.83,2021-02-24,Poor
5.0,-7.4,0.0,3.67,2021-02-25,Poor
6.0,-8.3,0.0,6.4,2021-02-26,Poor
8.2,-3.0,0.0,3.81,2021-02-27,Poor
6.7,-4.6,0.2,8.56,2021-02-28,Poor
-1.9,-12.6,0.4,4.61,2021-03-01,Poor
5.8,-15.0,0.0,6.44,2021-03-02,Poor
9.2,-3.0,0.0,3.28,2021-03-03,Moderate
6.8,-6.5,0.0,3.96,2021-03-04,Poor
7.6,-5.1,0.0,2.61,2021-03-05,Moderate
9.5,-5.4,0.0,2.77,2021-03-06,Moderate
13.1,-3.0,0.0,5.4,2021-03-07,Poor
15.4,3.4,0.0,4.85,2021-03-08,Moderate
18.3,4.0,0.0,7.63,2021-03-09,Moderate
18.8,12.2,9.3,7.83,2021-03-10,Poor
11.6,2.2,0.0,8.46,2021-03-11,Poor
8.9,-0.7,0.0,3.86,2021-03-12,Poor
14.5,-2.5,0.0,3.82,2021-03-13,Poor
9.7,0.5,0.0,6.3,2021-03-14,Poor
1.3,-1.6,10.1,7.1,2021-03-15,Poor
7.1,-0.8,0.0,3.5,2021-03-16,Poor
5.7,-0.3,0.5,5.19,2021-03-17,Poor
10.1,1.6,0.0,7.36,2021-03-18,Poor
11.4,-3.5,0.0,3.34,2021-03-19,Moderate
13.9,-0.8,0.0,4.93,2021-03-20,Poor
16.5,4.5,0.0,8.01,2021-03-21,Moderate
16.6,8.5,1.5,5.32,2021-03-22,Poor
14.7,7.0,8.1,5.8,2021-03-23,Poor
11.7,6.0,7.6,7.93,2021-03-24,Poor
7.5,3.4,4.4,3.97,2021-03-25,Poor
11.7,-0.8,0.3,2.97,2021-03-26,Poor
10.0,4.0,5.9,7.2,2021-03-27,Poor
6.4,0.2,0.0,8.01,2021-03-28,Poor
18.8,-0.5,0.0,8.94,2021-03-29,Moderate
14.9,2.4,0.2,7.47,2021-03-30,Poor
3.4,-2.4,0.0,6.55,2021-03-31,Poor
5.0,-6.3,0.0,3.79,2021-04-01,Poor
10.7,-2.3,0.0,6.65,2021-04-02,Poor
21.1,5.5,0.0,4.83,2021-04-03,Optimal
23.1,6.8,0.0,6.3,2021-04-04,Optimal
24.5,13.3,0.2,5.82,2021-04-05,Moderate
25.0,14.9,0.5,5.61,2021-04-06,Moderate
24.0,15.0,2.0,6.33,2021-04-07,Moderate
17.4,10.6,5.6,5.58,2021-04-08,Poor
16.1,8.5,7.9,5.04,2021-04-09,Poor
11.1,6.9,7.5,6.34,2021-04-10,Poor
11.6,7.0,5.3,6.26,2021-04-11,Poor
13.0,5.6,0.0,6.93,2021-04-12,Poor
8.5,2.5,0.0,6.51,2021-04-13,Poor
5.6,0.5,0.0,4.78,2021-04-14,Poor
10.2,2.1,0.0,4.25,2021-04-15,Poor
16.0,2.0,0.0,3.71,2021-04-16,Moderate
14.9,2.4,0.0,3.89,2021-04-17,Poor
15.0,4.1,0.0,4.32,2021-04-18,Moderate
8.6,1.1,1.6,6.44,2021-04-19,Poor
7.3,-1.2,0.1,3.47,2021-04-20,Poor
7.1,-2.3,0.1,5.44,2021-04-21,Poor
15.2,-0.2,0.0,5.46,2021-04-22,Moderate
14.9,6.0,0.0,6.04,2021-04-23,Poor
13.2,4.7,0.8,5.9,2021-04-24,Poor
9.2,-0.2,0.7,5.46,2021-04-25,Poor
20.1,3.6,0.5,5.84,2021-04-26,Moderate
24.3,11.3,14.7,4.77,2021-04-27,Moderate
19.4,7.6,0.0,4.52,2021-04-28,Moderate
20.2,9.3,1.2,6.56,2021-04-29,Moderate
15.4,7.8,0.0,5.8,2021-04-30,Moderate
29.3,9.1,0.0,7.8,2021-05-01,Optimal
27.0,16.5,4.7,6.24,2021-05-02,Moderate
19.9,12.5,8.8,5.78,2021-05-03,Poor
14.7,7.9,0.0,6.18,2021-05-04,Poor
15.8,3.9,0.4,3.52,2021-05-05,Moderate
14.1,6.8,4.2,5.87,2021-05-06,Poor
12.2,4.3,0.3,5.92,2021-05-07,Poor
13.0,1.8,0.0,3.62,2021-05-08,Poor
15.3,5.5,0.0,3.76,2021-05-09,Moderate
12.6,4.9,0.4,4.49,2021-05-10,Poor
14.7,1.5,0.0,3.32,2021-05-11,Moderate
16.4,4.1,0.0,3.05,2021-05-12,Moderate
18.6,7.0,0.0,2.92,2021-05-13,Moderate
19.7,7.0,0.1,4.62,2021-05-14,Moderate
19.4,10.9,0.8,4.65,2021-05-15,Moderate
21.8,10.4,0.3,3.0,2021-05-16,Optimal
22.9,11.7,0.0,5.15,2021-05-17,Optimal
22.8,12.9,7.6,6.87,2021-05-18,Moderate
25.2,17.0,5.9,5.49,2021-05-19,Moderate
25.9,18.4,1.8,7.9,2021-05-20,Moderate
24.2,19.0,4.1,5.46,2021-05-21,Moderate
28.2,17.9,0.7,5.64,2021-05-22,Moderate
25.5,19.7,6.5,3.32,2021-05-23,Moderate
28.2,18.7,0.4,5.61,2021-05-24,Moderate
26.9,20.1,4.3,6.47,2021-05-25,Moderate
22.1,14.4,0.0,5.06,2021-05-26,Optimal
13.6,5.5,22.9,8.9,2021-05-27,Poor
12.5,4.9,2.1,5.74,2021-05-28,Poor
17.4,3.4,0.0,3.36,2021-05-29,Moderate
18.0,6.6,0.0,3.26,2021-05-30,Moderate
21.4,10.5,0.4,3.7,2021-05-31,Moderate
24.0,11.6,0.1,3.83,2021-06-01,Moderate
25.8,13.3,0.0,2.9,2021-06-02,Optimal
29.4,14.9,0.0,5.38,2021-06-03,Optimal
32.0,19.3,0.0,6.55,2021-06-04,Moderate
33.1,20.1,0.0,6.03,2021-06-05,Moderate
31.6,21.4,0.0,7.53,2021-06-06,Moderate
29.2,21.2,1.2,4.43,2021-06-07,Moderate
31.4,20.7,0.2,2.9,2021-06-08,Moderate
32.6,21.4,0.1,2.96,2021-06-09,Moderate
33.9,21.4,0.0,2.56,2021-06-10,Moderate
34.9,22.7,0.0,2.24,2021-06-11,Optimal
29.9,20.5,0.9,5.07,2021-06-12,Moderate
32.0,16.9,0.0,4.32,2021-06-13,Moderate
29.1,16.9,0.0,5.79,2021-06-14,Optimal
27.7,16.5,0.0,3.77,2021-06-15,Optimal
28.3,15.0,0.0,3.31,2021-06-16,Optimal
33.9,19.3,3.4,5.58,2021-06-17,Poor
31.6,21.2,7.6,5.33,2021-06-18,Poor
27.2,19.4,0.3,5.14,2021-06-19,Moderate
22.9,16.6,16.5,5.2,2021-06-20,Moderate
18.6,13.1,0.1,7.57,2021-06-21,Moderate
23.3,10.8,0.0,3.44,2021-06-22,Optimal
26.6,15.5,0.3,5.65,2021-06-23,Moderate
30.9,20.8,0.9,6.0,2021-06-24,Moderate
29.1,21.9,2.7,3.8,2021-06-25,Moderate
24.1,20.7,18.0,4.65,2021-06-26,Moderate
28.0,17.1,0.4,5.59,2021-06-27,Moderate
27.2,18.8,0.6,2.65,2021-06-28,Optimal
26.6,20.4,7.2,4.44,2021-06-29,Moderate
28.0,18.5,0.0,2.73,2021-06-30,Optimal
27.6,17.0,0.0,3.54,2021-07-01,Optimal
27.1,15.6,0.0,3.34,2021-07-02,Optimal
30.6,17.9,0.0,3.01,2021-07-03,Moderate
32.3,20.7,0.0,5.52,2021-07-04,Moderate
34.0,23.6,0.0,5.41,2021-07-05,Moderate
32.6,23.2,0.6,4.39,2021-07-06,Moderate
23.5,18.1,18.2,4.16,2021-07-07,Moderate
22.4,15.2,0.3,2.86,2021-07-08,Optimal
24.7,15.7,1.1,2.55,2021-07-09,Moderate
25.4,16.5,0.0,4.79,2021-07-10,Optimal
26.9,16.0,0.0,5.14,2021-07-11,Optimal
25.8,15.9,0.7,3.91,2021-07-12,Moderate
29.0,17.1,0.2,4.08,2021-07-13,Moderate
27.0,19.7,27.7,5.95,2021-07-14,Moderate
27.2,18.1,4.9,3.88,2021-07-15,Moderate
26.3,17.4,0.4,2.41,2021-07-16,Optimal
28.4,15.9,0.0,3.57,2021-07-17,Optimal
28.7,15.9,0.0,2.52,2021-07-18,Optimal
29.6,16.5,0.0,2.51,2021-07-19,Optimal
31.2,19.7,0.0,3.36,2021-07-20,Moderate
27.6,18.9,0.1,4.2,2021-07-21,Moderate
30.8,20.1,0.9,3.83,2021-07-22,Moderate
33.1,21.8,0.0,3.86,2021-07-23,Moderate
32.1,23.4,1.6,5.19,2021-07-24,Poor
31.5,18.9,0.0,4.27,2021-07-25,Moderate
33.7,19.1,0.0,4.66,2021-07-26,Moderate
32.4,21.0,4.9,4.18,2021-07-27,Poor
32.3,20.3,0.0,4.78,2021-07-28,Moderate
30.9,22.1,11.8,4.89,2021-07-29,Poor
23.4,17.8,0.7,3.44,2021-07-30,Optimal
27.2,15.5,0.6,4.29,2021-07-31,Moderate
24.9,17.0,0.0,4.44,2021-08-01,Optimal
25.3,15.0,0.0,3.08,2021-08-02,Optimal
26.4,16.5,0.3,2.16,2021-08-03,Optimal
27.6,17.3,0.1,2.9,2021-08-04,Optimal
25.3,17.7,2.9,5.99,2021-08-05,Moderate
27.4,19.1,7.3,5.2,2021-08-06,Moderate
29.8,20.1,4.4,5.88,2021-08-07,Moderate
27.3,21.6,17.4,5.59,2021-08-08,Moderate
28.0,20.6,26.0,4.8,2021-08-09,Moderate
32.8,20.0,14.6,6.08,2021-08-10,Poor
30.0,21.6,15.7,6.94,2021-08-11,Moderate
29.2,18.3,0.0,4.13,2021-08-12,Optimal
25.8,15.5,0.0,4.25,2021-08-13,Optimal
26.2,13.5,0.0,2.75,2021-08-14,Optimal
26.2,15.2,0.0,2.72,2021-08-15,Optimal
26.3,14.8,0.0,2.97,2021-08-16,Optimal
28.3,17.1,0.0,3.21,2021-08-17,Optimal
30.1,17.4,0.0,2.69,2021-08-18,Moderate
30.6,18.5,0.0,2.51,2021-08-19,Moderate
31.3,19.3,0.1,4.9,2021-08-20,Moderate
28.3,18.9,4.9,4.88,2021-08-21,Moderate
25.8,14.5,0.0,3.12,2021-08-22,Optimal
31.0,18.2,1.1,4.11,2021-08-23,Poor
30.7,22.0,15.5,6.31,2021-08-24,Poor
30.6,21.6,2.4,3.8,2021-08-25,Poor
29.6,19.7,0.1,3.49,2021-08-26,Optimal
29.8,22.0,4.4,4.92,2021-08-27,Moderate
31.6,23.0,0.5,5.35,2021-08-28,Moderate
27.7,20.5,1.3,5.35,2021-08-29,Moderate
27.4,17.0,0.0,2.69,2021-08-30,Optimal
26.1,16.3,0.0,3.51,2021-08-31,Optimal
24.3,15.1,0.0,3.35,2021-09-01,Optimal
24.2,13.0,0.0,3.24,2021-09-02,Optimal
19.7,16.3,12.0,4.83,2021-09-03,Poor
23.2,17.7,0.8,4.46,2021-09-04,Moderate
25.5,14.9,0.0,6.12,2021-09-05,Optimal
25.2,12.6,0.0,2.83,2021-09-06,Optimal
26.0,18.5,4.4,6.23,2021-09-07,Moderate
21.9,15.3,0.2,6.51,2021-09-08,Moderate
23.0,12.8,0.0,3.08,2021-09-09,Optimal
25.6,12.8,0.0,3.54,2021-09-10,Optimal
29.9,16.7,0.0,4.4,2021-09-11,Optimal
23.5,17.8,0.6,4.38,2021-09-12,Moderate
22.8,17.4,7.3,4.77,2021-09-13,Moderate
23.8,16.1,3.4,5.87,2021-09-14,Moderate
23.7,12.3,0.0,3.25,2021-09-15,Optimal
26.9,14.7,0.0,6.0,2021-09-16,Optimal
24.1,14.2,0.2,5.01,2021-09-17,Moderate
25.3,10.6,0.0,3.26,2021-09-18,Optimal
29.6,17.5,0.0,4.5,2021-09-19,Optimal
28.1,17.6,12.1,6.4,2021-09-20,Moderate
20.3,13.4,0.0,5.41,2021-09-21,Optimal
18.2,10.4,0.0,4.18,2021-09-22,Moderate
20.2,7.3,0.0,3.97,2021-09-23,Optimal
22.6,10.3,4.2,5.52,2021-09-24,Moderate
18.8,8.6,0.0,5.62,2021-09-25,Moderate
25.8,12.2,0.0,4.48,2021-09-26,Optimal
27.2,14.6,0.0,3.51,2021-09-27,Optimal
24.9,11.8,0.0,3.48,2021-09-28,Optimal
27.8,12.5,0.0,3.22,2021-09-29,Optimal
28.2,16.0,0.0,3.35,2021-09-30,Optimal
28.0,16.9,0.4,4.26,2021-10-01,Moderate
24.4,18.6,7.7,2.97,2021-10-02,Moderate
21.9,17.3,2.5,4.74,2021-10-03,Moderate
21.7,14.3,0.0,4.2,2021-10-04,Optimal
22.4,14.9,0.0,3.92,2021-10-05,Optimal
23.5,16.3,0.0,4.02,2021-10-06,Optimal
19.3,16.5,24.2,4.03,2021-10-07,Poor
19.8,16.0,24.7,3.2,2021-10-08,Poor
26.2,14.5,0.5,5.45,2021-10-09,Moderate
25.5,18.6,0.8,7.2,2021-10-10,Moderate
17.5,14.1,24.1,4.32,2021-10-11,Poor
20.3,12.9,0.0,4.84,2021-10-12,Optimal
19.5,12.5,7.1,6.58,2021-10-13,Poor
17.8,11.3,0.0,4.88,2021-10-14,Moderate
16.1,8.0,0.0,5.24,2021-10-15,Moderate
14.9,6.4,0.0,6.5,2021-10-16,Poor
17.8,6.2,0.0,3.14,2021-10-17,Moderate
21.7,7.2,0.0,3.67,2021-10-18,Optimal
21.8,10.4,0.0,4.67,2021-10-19,Optimal
21.7,12.0,2.3,4.88,2021-10-20,Moderate
12.5,5.5,0.4,4.84,2021-10-21,Poor
9.6,2.1,0.0,2.51,2021-10-22,Moderate
11.0,0.4,0.0,2.91,2021-10-23,Moderate
10.4,3.4,4.5,7.03,2021-10-24,Poor
11.5,3.9,0.1,6.67,2021-10-25,Poor
12.7,1.0,0.0,4.41,2021-10-26,Poor
14.9,5.4,0.0,5.62,2021-10-27,Poor
11.1,8.1,12.9,5.51,2021-10-28,Poor
13.1,8.4,0.7,6.5,2021-10-29,Poor
15.1,5.0,0.0,4.31,2021-10-30,Moderate
10.1,3.8,0.0,7.08,2021-10-31,Poor
6.9,0.8,0.0,6.33,2021-11-01,Poor
6.6,-0.8,0.0,4.48,2021-11-02,Poor
5.9,-3.2,0.0,3.05,2021-11-03,Moderate
10.4,1.7,0.4,4.1,2021-11-04,Poor
11.3,2.2,0.0,7.09,2021-11-05,Poor
15.8,5.4,0.0,5.36,2021-11-06,Moderate
17.1,8.0,0.0,4.81,2021-11-07,Moderate
17.7,7.2,0.0,4.37,2021-11-08,Moderate
13.9,5.3,0.0,4.25,2021-11-09,Poor
13.4,2.1,13.5,6.32,2021-11-10,Poor
13.3,3.9,18.2,7.91,2021-11-11,Poor
3.8,1.8,3.2,5.58,2021-11-12,Poor
3.4,0.3,2.4,5.0,2021-11-13,Poor
3.5,-0.4,0.5,7.98,2021-11-14,Poor
1.3,-2.3,0.2,2.46,2021-11-15,Poor
9.2,-2.7,0.0,6.72,2021-11-16,Poor
10.5,1.1,0.0,5.9,2021-11-17,Poor
0.6,-2.6,0.0,8.14,2021-11-18,Poor
3.6,-5.6,0.0,4.88,2021-11-19,Poor
9.3,1.6,0.0,4.94,2021-11-20,Poor
7.8,-4.1,0.0,9.1,2021-11-21,Poor
0.5,-6.8,0.0,4.48,2021-11-22,Poor
7.5,-4.0,0.0,6.0,2021-11-23,Poor
12.0,4.2,0.0,6.1,2021-11-24,Poor
3.6,-7.2,0.2,6.4,2021-11-25,Poor
0.1,-7.9,0.0,3.94,2021-11-26,Poor
6.9,-2.7,0.0,4.36,2021-11-27,Poor
2.9,-2.3,0.0,5.94,2021-11-28,Poor
6.7,-3.0,0.0,5.45,2021-11-29,Poor
6.9,-0.2,0.0,4.53,2021-11-30,Poor
10.1,1.1,0.4,5.56,2021-12-01,Poor
12.1,4.5,0.0,6.12,2021-12-02,Poor
8.5,0.7,0.8,3.04,2021-12-03,Poor
2.6,-1.8,0.0,3.55,2021-12-04,Poor
2.4,-0.5,0.6,6.49,2021-12-05,Poor
0.1,-11.9,0.0,8.59,2021-12-06,Poor
-4.5,-11.8,0.6,3.67,2021-12-07,Poor
-1.7,-8.2,0.0,3.56,2021-12-08,Poor
4.4,-4.4,1.3,5.38,2021-12-09,Poor
2.0,-1.8,7.1,5.79,2021-12-10,Poor
1.4,-3.1,9.3,8.5,2021-12-11,Poor
6.0,-2.9,0.0,5.66,2021-12-12,Poor
8.3,0.4,0.0,5.24,2021-12-13,Poor
8.2,-0.1,0.1,4.92,2021-12-14,Poor
19.8,8.7,4.2,11.36,2021-12-15,Poor
17.7,-3.8,0.1,12.52,2021-12-16,Moderate
-0.1,-5.6,0.0,3.7,2021-12-17,Poor
-0.8,-6.5,0.0,4.3,2021-12-18,Poor
0.0,-8.0,0.0,5.63,2021-12-19,Poor
3.0,-6.2,0.0,5.28,2021-12-20,Poor
0.9,-8.1,0.0,7.55,2021-12-21,Poor
-1.3,-11.0,0.0,4.83,2021-12-22,Poor
6.5,-5.1,0.0,3.86,2021-12-23,Poor
6.7,-2.7,0.7,4.49,2021-12-24,Poor
4.7,-2.4,0.0,4.51,2021-12-25,Poor
3.5,-5.3,2.2,8.31,2021-12-26,Poor
3.1,-6.3,2.7,7.67,2021-12-27,Poor
0.0,-7.0,9.8,5.04,2021-12-28,Poor
-0.5,-14.9,0.0,5.24,2021-12-29,Poor
-0.1,-8.7,0.0,4.0,2021-12-30,Poor
-1.0,-8.6,0.1,4.13,2021-12-31,Poor
-5.3,-14.9,1.0,5.37,2022-01-01,Poor
-10.8,-20.1,0.0,3.62,2022-01-02,Poor
-6.1,-17.5,0.0,3.91,2022-01-03,Poor
0.6,-7.7,0.3,4.87,2022-01-04,Poor
-2.3,-12.3,1.4,7.98,2022-01-05,Poor
-12.5,-20.9,0.7,5.11,2022-01-06,Poor
-12.3,-24.5,0.0,4.49,2022-01-07,Poor
-2.8,-15.2,0.0,6.07,2022-01-08,Poor
-2.3,-17.1,0.1,6.76,2022-01-09,Poor
-12.8,-19.7,0.3,3.78,2022-01-10,Poor
3.6,-18.5,0.0,5.37,2022-01-11,Poor
4.7,-2.8,0.0,4.01,2022-01-12,Poor
5.5,-4.2,0.0,3.61,2022-01-13,Poor
0.3,-11.5,4.8,5.8,2022-01-14,Poor
-7.4,-16.8,0.4,5.16,2022-01-15,Poor
-5.3,-14.2,0.6,4.42,2022-01-16,Poor
-2.1,-6.4,0.0,4.58,2022-01-17,Poor
3.8,-7.9,0.0,6.36,2022-01-18,Poor
-1.5,-16.0,0.0,7.13,2022-01-19,Poor
-13.7,-20.9,0.0,4.24,2022-01-20,Poor
-10.7,-24.6,0.0,5.81,2022-01-21,Poor
-4.9,-10.9,4.1,6.64,2022-01-22,Poor
-9.7,-18.6,3.6,4.24,2022-01-23,Poor
-8.4,-15.7,3.6,5.41,2022-01-24,Poor
-15.0,-22.4,0.0,4.19,2022-01-25,Poor
-9.6,-28.9,0.0,5.9,2022-01-26,Poor
1.6,-10.7,0.2,6.05,2022-01-27,Poor
-9.1,-20.0,0.0,3.14,2022-01-28,Moderate
-3.4,-17.8,0.0,4.18,2022-01-29,Poor
-2.6,-8.2,0.0,4.44,2022-01-30,Poor
1.4,-13.6,0.0,5.63,2022-01-31,Poor
3.1,-10.5,0.0,6.51,2022-02-01,Poor
-10.6,-15.0,0.0,5.1,2022-02-02,Poor
-10.9,-20.3,0.0,4.44,2022-02-03,Poor
-10.1,-24.3,0.5,4.48,2022-02-04,Poor
-4.9,-23.1,0.0,5.31,2022-02-05,Poor
3.4,-7.2,0.3,5.23,2022-02-06,Poor
-5.1,-15.5,0.2,4.13,2022-02-07,Poor
5.2,-10.2,0.0,4.84,2022-02-08,Poor
3.3,-1.5,0.8,6.26,2022-02-09,Poor
1.6,-8.8,1.6,7.95,2022-02-10,Poor
4.9,-12.6,2.5,7.43,2022-02-11,Poor
-11.6,-18.3,0.0,5.32,2022-02-12,Poor
-11.3,-19.1,0.7,3.23,2022-02-13,Poor
-3.6,-15.8,0.3,2.61,2022-02-14,Poor
3.4,-12.5,0.0,6.47,2022-02-15,Poor
7.3,-3.7,0.0,6.31,2022-02-16,Poor
-5.1,-15.3,0.0,6.14,2022-02-17,Poor
5.1,-19.3,0.5,9.73,2022-02-18,Poor
-6.1,-17.6,0.0,6.53,2022-02-19,Poor
11.4,-6.5,0.0,7.32,2022-02-20,Poor
5.5,-4.6,0.0,6.8,2022-02-21,Poor
-4.9,-11.4,10.8,5.71,2022-02-22,Poor
-7.3,-17.1,0.0,5.74,2022-02-23,Poor
-3.2,-14.2,2.0,4.61,2022-02-24,Poor
-4.0,-13.4,0.9,3.49,2022-02-25,Poor
1.1,-15.0,0.0,5.24,2022-02-26,Poor
3.4,-7.5,0.0,4.74,2022-02-27,Poor
8.4,-7.0,0.0,3.3,2022-02-28,Moderate
9.1,0.9,0.1,3.28,2022-03-01,Poor
8.5,-2.3,0.3,5.39,2022-03-02,Poor
1.6,-5.5,0.0,3.71,2022-03-03,Poor
6.1,-4.3,0.0,5.75,2022-03-04,Poor
13.3,1.0,13.8,6.2,2022-03-05,Poor
10.3,-1.4,0.2,9.31,2022-03-06,Poor
1.9,-4.7,6.0,5.75,2022-03-07,Poor
5.3,-7.1,0.0,6.3,2022-03-08,Poor
0.3,-7.3,0.0,5.17,2022-03-09,Poor
-3.0,-10.5,0.0,4.03,2022-03-10,Poor
-4.3,-11.9,0.0,7.52,2022-03-11,Poor
-3.5,-16.0,0.0,5.42,2022-03-12,Poor
11.0,-5.9,0.1,5.06,2022-03-13,Poor
13.6,0.2,0.0,4.16,2022-03-14,Poor
13.3,-2.1,0.0,3.34,2022-03-15,Moderate
18.7,2.4,0.0,6.81,2022-03-16,Moderate
14.9,5.2,0.4,3.72,2022-03-17,Poor
5.8,1.8,21.3,6.59,2022-03-18,Poor
10.4,1.5,2.0,5.19,2022-03-19,Poor
16.0,-1.3,0.0,3.0,2022-03-20,Moderate
21.9,7.3,0.0,5.55,2022-03-21,Optimal
10.1,7.1,13.4,6.53,2022-03-22,Poor
9.0,3.4,4.9,5.57,2022-03-23,Poor
5.1,1.6,2.9,4.05,2022-03-24,Poor
7.0,0.3,1.5,9.59,2022-03-25,Poor
0.9,-5.3,0.0,7.49,2022-03-26,Poor
0.4,-7.4,0.0,4.66,2022-03-27,Poor
4.5,-6.7,0.0,3.81,2022-03-28,Poor
6.4,-1.4,0.1,7.12,2022-03-29,Poor
13.4,2.5,5.2,6.27,2022-03-30,Poor
3.8,-0.5,2.7,7.21,2022-03-31,Poor
8.8,-4.2,0.0,3.12,2022-04-01,Moderate
8.7,1.0,7.5,4.65,2022-04-02,Poor
10.3,-2.1,1.1,4.84,2022-04-03,Poor
9.3,1.5,4.1,5.88,2022-04-04,Poor
12.3,0.1,7.4,7.16,2022-04-05,Poor
9.7,3.9,1.9,8.86,2022-04-06,Poor
5.4,0.6,4.5,6.79,2022-04-07,Poor
4.8,-0.6,0.5,6.75,2022-04-08,Poor
11.0,-2.5,0.0,3.64,2022-04-09,Poor
16.0,0.5,0.1,9.38,2022-04-10,Moderate
15.3,4.2,0.0,6.14,2022-04-11,Moderate
17.4,3.9,11.7,8.72,2022-04-12,Poor
18.3,2.4,4.9,6.36,2022-04-13,Poor
5.7,-0.8,0.2,11.65,2022-04-14,Poor
5.1,-1.8,0.0,6.9,2022-04-15,Poor
5.7,-4.0,0.0,6.38,2022-04-16,Poor
7.9,-3.1,0.9,3.58,2022-04-17,Poor
4.0,1.0,2.1,8.85,2022-04-18,Poor
9.5,-2.6,0.0,5.17,2022-04-19,Poor
11.7,5.6,6.3,7.69,2022-04-20,Poor
17.0,4.9,0.0,5.36,2022-04-21,Moderate
12.9,6.3,24.2,8.15,2022-04-22,Poor
26.1,13.7,0.6,9.87,2022-04-23,Moderate
19.9,8.4,0.4,10.41,2022-04-24,Moderate
7.8,2.4,0.0,6.36,2022-04-25,Poor
7.8,-1.4,0.0,6.14,2022-04-26,Poor
6.0,-0.3,0.0,5.32,2022-04-27,Poor
13.5,1.6,0.0,5.74,2022-04-28,Poor
18.5,7.6,2.4,7.06,2022-04-29,Poor
18.5,10.3,34.1,7.98,2022-04-30,Poor
11.0,8.0,0.6,6.84,2022-05-01,Poor
12.7,6.7,0.4,4.43,2022-05-02,Poor
11.2,6.8,16.4,5.55,2022-05-03,Poor
15.6,1.6,0.0,2.8,2022-05-04,Moderate
17.9,5.5,0.0,3.07,2022-05-05,Moderate
18.5,7.3,0.0,4.96,2022-05-06,Moderate
19.9,6.0,0.0,4.67,2022-05-07,Moderate
18.7,9.7,0.6,6.58,2022-05-08,Moderate
27.8,14.2,0.0,9.85,2022-05-09,Optimal
29.3,18.1,9.7,4.85,2022-05-10,Moderate
31.5,15.9,0.5,5.85,2022-05-11,Moderate
32.5,21.7,0.8,6.61,2022-05-12,Moderate
28.8,19.9,0.7,5.8,2022-05-13,Moderate
28.0,14.6,0.2,6.26,2022-05-14,Moderate
23.0,12.7,0.0,4.56,2022-05-15,Optimal
23.1,11.9,0.0,7.38,2022-05-16,Optimal
21.5,9.8,1.5,2.98,2022-05-17,Moderate
22.4,11.6,2.1,4.54,2022-05-18,Moderate
27.7,13.0,0.3,8.01,2022-05-19,Moderate
22.8,13.2,3.7,6.07,2022-05-20,Moderate
17.0,10.0,0.0,4.52,2022-05-21,Moderate
13.5,6.0,0.0,6.05,2022-05-22,Poor
16.7,3.9,0.0,3.18,2022-05-23,Moderate
19.6,6.3,1.0,5.02,2022-05-24,Moderate
16.4,9.3,31.5,6.04,2022-05-25,Poor
20.7,13.9,6.6,4.46,2022-05-26,Moderate
21.3,10.9,0.1,6.11,2022-05-27,Moderate
23.8,12.7,0.0,7.82,2022-05-28,Optimal
26.5,17.1,0.0,6.84,2022-05-29,Optimal
30.1,20.5,0.1,8.23,2022-05-30,Moderate
27.7,19.3,9.1,8.4,2022-05-31,Moderate
20.9,13.0,0.0,4.58,2022-06-01,Optimal
23.3,11.3,0.0,5.1,2022-06-02,Optimal
21.3,12.6,0.0,5.33,2022-06-03,Optimal
15.4,11.9,9.6,2.91,2022-06-04,Poor
24.4,12.3,10.0,4.4,2022-06-05,Moderate
22.0,14.2,7.6,4.42,2022-06-06,Moderate
23.2,12.1,0.0,3.41,2022-06-07,Optimal
21.1,15.0,37.1,4.8,2022-06-08,Moderate
24.0,12.0,0.0,4.44,2022-06-09,Optimal
23.5,14.9,0.3,3.41,2022-06-10,Optimal
20.4,14.3,20.7,3.4,2022-06-11,Moderate
26.9,14.9,0.0,4.77,2022-06-12,Optimal
28.1,14.9,0.2,7.74,2022-06-13,Moderate
34.0,21.1,0.0,6.79,2022-06-14,Moderate
30.9,17.6,23.2,8.03,2022-06-15,Poor
28.6,17.0,0.0,7.9,2022-06-16,Optimal
26.8,16.9,0.0,4.16,2022-06-17,Optimal
24.5,14.1,0.0,3.83,2022-06-18,Optimal
28.2,12.7,0.0,4.85,2022-06-19,Optimal
32.7,19.2,0.0,5.34,2022-06-20,Moderate
33.6,23.1,0.0,5.5,2022-06-21,Moderate
28.1,19.1,0.0,4.74,2022-06-22,Optimal
30.6,17.1,0.0,3.61,2022-06-23,Moderate
32.1,19.7,0.0,4.79,2022-06-24,Moderate
27.2,19.5,6.4,5.34,2022-06-25,Moderate
23.7,16.5,0.0,6.76,2022-06-26,Optimal
25.6,13.8,0.0,3.36,2022-06-27,Optimal
28.3,16.7,5.0,6.56,2022-06-28,Moderate
30.4,14.8,0.0,4.88,2022-06-29,Moderate
31.5,22.9,0.1,6.65,2022-06-30,Moderate
25.8,19.4,0.0,3.91,2022-07-01,Optimal
28.2,15.2,0.2,3.97,2022-07-02,Moderate
29.9,16.1,0.0,4.02,2022-07-03,Optimal
28.1,19.5,26.4,5.79,2022-07-04,Moderate
32.1,20.8,11.6,3.1,2022-07-05,Poor
27.6,21.7,2.1,3.72,2022-07-06,Moderate
29.8,19.6,0.1,3.04,2022-07-07,Optimal
26.6,19.4,2.0,5.44,2022-07-08,Moderate
26.9,15.7,0.0,2.86,2022-07-09,Optimal
28.2,16.8,0.0,5.73,2022-07-10,Optimal
29.0,22.3,1.0,6.7,2022-07-11,Moderate
26.9,18.2,0.0,5.3,2022-07-12,Optimal
26.4,17.3,0.9,6.1,2022-07-13,Moderate
28.5,16.7,2.1,3.75,2022-07-14,Moderate
27.4,18.3,33.2,5.6,2022-07-15,Moderate
26.3,17.8,0.6,3.31,2022-07-16,Optimal
28.3,17.2,0.0,2.91,2022-07-17,Optimal
30.8,18.3,0.0,3.22,2022-07-18,Moderate
31.0,21.6,0.6,7.31,2022-07-19,Moderate
30.0,22.4,0.0,7.75,2022-07-20,Optimal
30.0,20.8,0.4,5.77,2022-07-21,Moderate
30.8,19.0,0.3,4.7,2022-07-22,Moderate
31.0,19.8,9.4,5.04,2022-07-23,Poor
26.7,19.5,11.7,5.22,2022-07-24,Moderate
24.3,15.3,1.4,3.28,2022-07-25,Moderate
26.8,14.7,0.2,3.38,2022-07-26,Optimal
27.2,19.9,6.7,4.93,2022-07-27,Moderate
24.2,17.4,4.2,5.42,2022-07-28,Moderate
24.7,14.9,0.0,3.89,2022-07-29,Optimal
26.6,15.1,0.0,3.22,2022-07-30,Optimal
28.2,17.3,0.1,6.81,2022-07-31,Moderate
27.6,20.5,1.6,5.06,2022-08-01,Moderate
32.4,17.2,0.0,6.71,2022-08-02,Moderate
31.1,22.8,0.1,5.78,2022-08-03,Moderate
27.7,17.8,0.0,3.72,2022-08-04,Optimal
30.1,17.7,0.0,3.37,2022-08-05,Moderate
33.7,22.1,0.3,3.69,2022-08-06,Moderate
28.0,23.3,22.6,3.66,2022-08-07,Moderate
25.7,18.0,28.2,4.85,2022-08-08,Moderate
25.9,14.4,0.0,2.52,2022-08-09,Optimal
29.0,17.3,0.1,2.56,2022-08-10,Optimal
25.9,17.4,0.0,3.45,2022-08-11,Optimal
18.0,15.7,5.9,4.0,2022-08-12,Poor
27.2,16.5,2.6,5.82,2022-08-13,Moderate
23.0,18.1,0.6,4.24,2022-08-14,Moderate
24.5,16.1,0.0,2.56,2022-08-15,Optimal
25.8,15.5,0.0,2.62,2022-08-16,Optimal
26.9,14.9,0.0,2.57,2022-08-17,Optimal
27.0,16.9,0.0,4.07,2022-08-18,Optimal
24.7,18.1,15.7,4.9,2022-08-19,Moderate
25.1,17.4,1.9,3.69,2022-08-20,Moderate
25.0,16.6,0.4,3.2,2022-08-21,Optimal
26.5,15.0,0.0,2.51,2022-08-22,Optimal
26.5,14.4,0.0,2.3,2022-08-23,Optimal
27.0,16.5,11.9,3.49,2022-08-24,Moderate
26.7,19.5,4.3,3.96,2022-08-25,Moderate
25.5,15.5,0.2,2.92,2022-08-26,Optimal
27.6,16.9,0.5,5.43,2022-08-27,Moderate
25.8,20.5,4.3,5.13,2022-08-28,Moderate
27.5,19.8,3.9,5.92,2022-08-29,Moderate
24.8,17.0,0.0,6.23,2022-08-30,Optimal
29.6,16.8,0.0,3.88,2022-08-31,Optimal
29.5,18.0,0.0,5.19,2022-09-01,Optimal
29.0,19.9,12.2,5.03,2022-09-02,Moderate
24.9,19.2,0.6,4.96,2022-09-03,Moderate
23.6,14.3,0.0,4.0,2022-09-04,Optimal
23.3,16.6,0.0,2.79,2022-09-05,Optimal
24.9,17.2,1.3,2.12,2022-09-06,Moderate
28.1,19.2,0.0,2.51,2022-09-07,Optimal
28.0,17.8,0.0,5.04,2022-09-08,Optimal
28.5,18.3,0.3,4.97,2022-09-09,Moderate
20.2,15.0,15.6,4.94,2022-09-10,Moderate
18.7,13.8,1.1,5.06,2022-09-11,Poor
19.8,13.1,2.4,6.26,2022-09-12,Poor
25.2,10.4,0.0,2.88,2022-09-13,Optimal
25.3,12.4,0.0,3.32,2022-09-14,Optimal
27.8,15.6,0.0,4.97,2022-09-15,Optimal
27.6,18.3,0.0,5.39,2022-09-16,Optimal
26.6,18.6,0.0,5.83,2022-09-17,Optimal
27.3,18.8,1.1,5.46,2022-09-18,Moderate
26.0,13.3,0.3,3.26,2022-09-19,Optimal
31.7,19.3,10.8,4.94,2022-09-20,Poor
24.9,14.8,0.0,5.85,2022-09-21,Optimal
17.3,8.9,0.0,5.9,2022-09-22,Moderate
15.8,8.6,0.3,4.92,2022-09-23,Moderate
20.5,11.5,2.5,4.83,2022-09-24,Moderate
20.2,12.3,0.9,7.79,2022-09-25,Moderate
15.8,9.3,0.0,6.94,2022-09-26,Moderate
14.5,6.8,0.0,5.0,2022-09-27,Poor
14.6,3.3,0.0,2.98,2022-09-28,Moderate
17.3,4.2,0.0,3.35,2022-09-29,Moderate
19.9,6.6,0.0,2.9,2022-09-30,Moderate
20.7,7.8,0.0,2.62,2022-10-01,Optimal
20.9,11.8,0.0,3.21,2022-10-02,Optimal
20.4,10.5,0.0,2.82,2022-10-03,Optimal
22.4,10.4,0.0,3.29,2022-10-04,Optimal
22.3,11.1,0.0,3.98,2022-10-05,Optimal
17.7,8.7,0.0,6.74,2022-10-06,Moderate
10.7,4.3,0.0,4.32,2022-10-07,Poor
13.6,3.3,0.0,5.7,2022-10-08,Poor
18.5,6.9,0.0,3.45,2022-10-09,Moderate
20.6,5.9,0.0,3.83,2022-10-10,Optimal
23.7,11.9,0.0,8.15,2022-10-11,Optimal
17.8,8.0,6.2,8.1,2022-10-12,Poor
9.1,3.2,0.4,6.36,2022-10-13,Poor
7.6,0.8,0.6,5.05,2022-10-14,Poor
13.8,1.0,0.0,5.9,2022-10-15,Poor
10.0,3.2,0.0,6.51,2022-10-16,Poor
4.3,-0.6,0.3,9.01,2022-10-17,Poor
5.9,-2.6,0.0,6.65,2022-10-18,Poor
6.3,-2.8,0.0,4.46,2022-10-19,Poor
14.7,1.6,0.0,3.31,2022-10-20,Moderate
21.2,7.1,0.0,4.88,2022-10-21,Optimal
24.9,10.3,0.0,5.93,2022-10-22,Optimal
23.3,15.5,0.8,7.49,2022-10-23,Moderate
22.5,11.9,18.0,7.32,2022-10-24,Moderate
10.8,5.6,1.3,5.33,2022-10-25,Poor
10.5,2.7,0.0,4.83,2022-10-26,Poor
13.3,1.8,0.0,3.83,2022-10-27,Poor
14.4,2.6,0.0,3.01,2022-10-28,Moderate
16.5,2.8,0.0,2.86,2022-10-29,Moderate
17.6,5.3,0.0,2.4,2022-10-30,Optimal
17.8,3.7,0.0,2.85,2022-10-31,Moderate
20.6,5.6,0.0,4.08,2022-11-01,Optimal
21.7,10.2,0.0,4.95,2022-11-02,Optimal
21.0,13.8,0.0,7.74,2022-11-03,Optimal
19.1,7.0,34.9,6.68,2022-11-04,Poor
10.9,5.2,31.2,6.32,2022-11-05,Poor
13.8,6.0,0.0,5.95,2022-11-06,Poor
7.5,0.3,0.0,5.34,2022-11-07,Poor
11.7,2.0,0.0,5.6,2022-11-08,Poor
20.7,8.4,0.6,6.35,2022-11-09,Moderate
20.7,5.0,22.6,6.46,2022-11-10,Moderate
3.8,-3.4,4.1,5.82,2022-11-11,Poor
1.2,-3.0,0.1,5.22,2022-11-12,Poor
-0.2,-5.1,0.0,3.5,2022-11-13,Poor
2.2,-4.3,0.0,3.98,2022-11-14,Poor
2.1,-1.2,5.4,2.83,2022-11-15,Poor
2.1,-1.6,1.7,3.7,2022-11-16,Poor
-0.3,-5.7,1.2,7.1,2022-11-17,Poor
-4.8,-8.2,0.2,6.36,2022-11-18,Poor
-4.6,-10.7,0.3,8.51,2022-11-19,Poor
2.3,-11.0,0.0,5.29,2022-11-20,Poor
3.6,-3.7,0.0,5.09,2022-11-21,Poor
7.5,-4.7,0.0,3.37,2022-11-22,Moderate
10.5,-4.5,0.0,3.0,2022-11-23,Moderate
10.3,0.5,0.0,4.7,2022-11-24,Poor
8.7,-1.1,0.0,4.1,2022-11-25,Poor
10.5,2.2,0.0,5.86,2022-11-26,Poor
7.5,-1.1,0.0,5.41,2022-11-27,Poor
6.8,-4.2,0.0,4.94,2022-11-28,Poor
7.9,-4.6,3.4,7.52,2022-11-29,Poor
-4.2,-8.2,0.0,8.75,2022-11-30,Poor
1.7,-8.5,0.0,5.83,2022-12-01,Poor
9.4,-0.6,0.0,7.02,2022-12-02,Poor
-2.4,-10.5,0.1,9.35,2022-12-03,Poor
3.9,-7.3,0.0,4.6,2022-12-04,Poor
3.6,-1.3,1.1,4.74,2022-12-05,Poor
1.4,-3.9,0.4,3.31,2022-12-06,Poor
2.7,-5.1,0.0,3.13,2022-12-07,Moderate
2.5,-5.5,0.0,4.37,2022-12-08,Poor
1.8,-2.7,19.1,5.99,2022-12-09,Poor
2.0,0.2,0.4,3.89,2022-12-10,Poor
3.8,-2.4,0.0,2.4,2022-12-11,Moderate
3.4,-2.5,0.0,5.11,2022-12-12,Poor
2.8,-0.5,6.6,7.71,2022-12-13,Poor
5.5,1.8,27.9,7.02,2022-12-14,Poor
2.2,-2.3,15.2,6.17,2022-12-15,Poor
-2.6,-5.0,3.7,6.26,2022-12-16,Poor
-2.8,-8.4,0.7,5.2,2022-12-17,Poor
-8.5,-18.4,0.0,4.41,2022-12-18,Poor
-4.2,-21.3,0.8,3.82,2022-12-19,Poor
-2.7,-18.6,0.7,4.74,2022-12-20,Poor
-7.2,-23.8,2.6,3.81,2022-12-21,Poor
-6.4,-25.5,6.0,6.13,2022-12-22,Poor
-19.0,-25.6,0.0,8.41,2022-12-23,Poor
-14.2,-19.4,0.0,9.48,2022-12-24,Poor
-12.5,-18.8,0.7,7.1,2022-12-25,Poor
-9.2,-18.6,0.5,3.4,2022-12-26,Poor
-3.7,-19.2,0.0,5.89,2022-12-27,Poor
5.9,-3.2,0.3,6.01,2022-12-28,Poor
10.8,3.2,0.9,6.93,2022-12-29,Poor
7.7,-6.0,0.0,5.69,2022-12-30,Poor
3.7,-6.2,0.6,4.24,2022-12-31,Poor
5.9,-3.0,0.0,2.8,2023-01-01,Moderate
2.0,-3.0,0.1,3.7,2023-01-02,Poor
4.1,-0.6,14.7,7.13,2023-01-03,Poor
2.0,-0.6,0.7,3.11,2023-01-04,Poor
2.1,-1.9,2.6,4.33,2023-01-05,Poor
-2.4,-8.2,0.0,3.77,2023-01-06,Poor
1.7,-10.7,0.0,2.5,2023-01-07,Moderate
1.6,-7.8,0.0,2.98,2023-01-08,Moderate
6.6,-5.6,0.0,4.04,2023-01-09,Poor
1.6,-3.4,0.0,2.93,2023-01-10,Moderate
7.1,-1.6,0.6,3.2,2023-01-11,Poor
1.2,-2.7,0.0,5.14,2023-01-12,Poor
-1.3,-5.2,0.2,4.62,2023-01-13,Poor
2.5,-6.2,0.0,5.02,2023-01-14,Poor
6.2,-2.4,0.0,5.55,2023-01-15,Poor
6.3,2.7,15.7,4.39,2023-01-16,Poor
3.8,1.0,0.7,5.76,2023-01-17,Poor
3.1,-0.9,0.1,6.58,2023-01-18,Poor
1.7,-1.2,11.0,5.08,2023-01-19,Poor
-0.4,-5.7,0.1,5.12,2023-01-20,Poor
-1.6,-7.3,0.1,2.94,2023-01-21,Poor
-1.0,-6.6,0.9,2.25,2023-01-22,Poor
-1.2,-7.5,0.0,5.59,2023-01-23,Poor
3.4,-4.7,0.0,3.2,2023-01-24,Moderate
1.6,-3.7,1.0,2.9,2023-01-25,Poor
-0.9,-13.1,1.2,4.74,2023-01-26,Poor
2.4,-13.1,1.5,7.08,2023-01-27,Poor
-8.0,-13.2,5.2,3.74,2023-01-28,Poor
-10.5,-16.7,0.8,4.31,2023-01-29,Poor
-13.1,-21.5,0.0,4.17,2023-01-30,Poor
-11.5,-25.4,0.0,4.72,2023-01-31,Poor
-4.4,-15.6,0.0,3.72,2023-02-01,Poor
-5.2,-16.6,0.0,6.41,2023-02-02,Poor
-12.9,-24.1,0.0,5.19,2023-02-03,Poor
3.1,-16.4,0.0,4.23,2023-02-04,Poor
1.7,-8.1,0.0,4.11,2023-02-05,Poor
6.6,-10.1,7.0,7.08,2023-02-06,Poor
6.9,-3.1,0.5,5.89,2023-02-07,Poor
9.9,-3.9,0.0,4.18,2023-02-08,Poor
3.3,0.1,2.7,5.77,2023-02-09,Poor
0.6,-7.6,0.0,5.19,2023-02-10,Poor
8.5,-4.5,0.0,5.87,2023-02-11,Poor
9.3,-2.1,0.0,3.5,2023-02-12,Poor
9.2,-1.1,0.0,4.2,2023-02-13,Poor
8.8,1.6,8.2,7.89,2023-02-14,Poor
7.4,-3.4,0.8,7.34,2023-02-15,Poor
-2.0,-7.0,2.9,5.64,2023-02-16,Poor
-1.2,-11.4,0.0,5.55,2023-02-17,Poor
8.1,-5.1,0.0,5.32,2023-02-18,Poor
8.7,-2.5,0.0,5.37,2023-02-19,Poor
7.9,-4.6,0.6,6.8,2023-02-20,Poor
-0.9,-10.5,0.7,6.93,2023-02-21,Poor
-1.7,-4.3,10.7,7.2,2023-02-22,Poor
-1.8,-10.2,1.8,6.67,2023-02-23,Poor
-4.3,-16.6,0.6,4.02,2023-02-24,Poor
2.5,-13.4,0.0,4.39,2023-02-25,Poor
6.6,-9.1,0.0,4.81,2023-02-26,Poor
5.1,0.7,18.6,7.18,2023-02-27,Poor
8.1,-2.7,0.1,4.47,2023-02-28,Poor
11.6,1.3,0.0,6.93,2023-03-01,Poor
5.0,-2.3,0.0,4.66,2023-03-02,Poor
6.8,-3.2,0.0,3.11,2023-03-03,Moderate
5.6,-2.4,1.0,4.1,2023-03-04,Poor
8.9,-4.3,3.5,7.01,2023-03-05,Poor
8.3,0.2,7.1,6.21,2023-03-06,Poor
7.5,-1.6,0.0,4.6,2023-03-07,Poor
6.5,-1.0,0.1,5.11,2023-03-08,Poor
3.6,-1.3,8.5,5.64,2023-03-09,Poor
1.7,-2.4,3.2,4.96,2023-03-10,Poor
1.8,-3.2,3.9,5.16,2023-03-11,Poor
1.4,-5.0,3.9,5.32,2023-03-12,Poor
0.2,-7.3,0.2,5.12,2023-03-13,Poor
1.8,-16.1,0.0,3.0,2023-03-14,Moderate
8.8,-5.6,0.0,5.39,2023-03-15,Poor
9.1,0.4,11.7,7.03,2023-03-16,Poor
-0.6,-12.1,0.4,7.8,2023-03-17,Poor
-2.7,-13.0,0.1,7.31,2023-03-18,Poor
5.6,-9.0,0.0,6.15,2023-03-19,Poor
10.8,-1.2,0.0,6.0,2023-03-20,Poor
13.0,-0.9,1.2,5.37,2023-03-21,Poor
11.5,2.1,2.8,5.42,2023-03-22,Poor
7.7,-0.9,1.4,3.98,2023-03-23,Poor
10.2,-3.8,0.0,4.0,2023-03-24,Poor
10.1,-0.7,0.4,6.11,2023-03-25,Poor
9.1,-2.2,1.2,4.01,2023-03-26,Poor
9.7,-2.6,0.0,3.55,2023-03-27,Poor
7.1,-3.5,0.0,4.92,2023-03-28,Poor
1.8,-4.8,0.6,5.02,2023-03-29,Poor
8.4,-5.6,2.6,5.33,2023-03-30,Poor
15.9,4.9,48.6,9.36,2023-03-31,Poor
8.6,-0.1,1.3,8.49,2023-04-01,Poor
15.5,-1.6,0.5,6.93,2023-04-02,Moderate
13.0,3.2,0.0,3.94,2023-04-03,Poor
12.3,5.0,15.0,8.51,2023-04-04,Poor
16.0,0.2,0.4,8.51,2023-04-05,Moderate
8.7,-3.1,0.0,6.26,2023-04-06,Poor
14.1,-2.0,0.0,5.28,2023-04-07,Poor
17.2,3.1,0.0,4.94,2023-04-08,Moderate
19.2,5.9,0.0,5.85,2023-04-09,Moderate
21.8,9.5,0.0,4.23,2023-04-10,Optimal
23.9,10.4,0.0,5.66,2023-04-11,Optimal
26.8,15.6,0.0,7.06,2023-04-12,Optimal
26.1,13.7,0.0,6.31,2023-04-13,Optimal
26.7,12.8,0.0,5.59,2023-04-14,Optimal
24.8,9.7,0.8,6.11,2023-04-15,Moderate
8.4,-1.0,30.1,7.62,2023-04-16,Poor
5.6,-1.9,8.1,8.58,2023-04-17,Poor
11.3,-3.7,0.0,3.51,2023-04-18,Poor
10.1,3.5,21.9,7.97,2023-04-19,Poor
19.6,5.9,6.9,9.4,2023-04-20,Poor
10.6,1.9,0.3,8.32,2023-04-21,Poor
6.9,-0.5,1.9,6.65,2023-04-22,Poor
6.5,-0.3,0.0,4.16,2023-04-23,Poor
10.3,-1.1,0.6,3.9,2023-04-24,Poor
9.7,-0.6,0.0,3.72,2023-04-25,Poor
12.6,-1.5,0.0,3.51,2023-04-26,Poor
18.6,4.9,0.0,5.31,2023-04-27,Moderate
20.7,7.0,0.0,5.05,2023-04-28,Optimal
10.6,5.2,8.6,6.86,2023-04-29,Poor
5.4,3.1,6.2,9.08,2023-04-30,Poor
11.1,3.8,0.4,9.4,2023-05-01,Poor
13.5,4.6,0.0,8.62,2023-05-02,Poor
15.8,1.8,0.0,3.86,2023-05-03,Moderate
23.4,6.4,0.0,5.74,2023-05-04,Optimal
23.0,12.5,0.6,5.85,2023-05-05,Moderate
21.2,12.4,5.4,5.64,2023-05-06,Moderate
26.2,13.1,1.4,4.53,2023-05-07,Moderate
19.4,11.6,2.5,4.65,2023-05-08,Poor
22.9,9.5,0.0,2.61,2023-05-09,Optimal
25.0,10.6,0.0,3.57,2023-05-10,Optimal
27.0,12.7,0.0,4.18,2023-05-11,Optimal
23.9,15.9,2.1,4.49,2023-05-12,Moderate
24.7,15.4,0.0,6.71,2023-05-13,Optimal
16.6,10.4,19.7,6.05,2023-05-14,Poor
21.4,6.1,0.0,3.36,2023-05-15,Optimal
26.7,10.8,0.0,5.2,2023-05-16,Optimal
19.4,7.2,0.2,5.12,2023-05-17,Moderate
25.3,8.5,0.6,5.82,2023-05-18,Moderate
17.2,10.8,4.5,6.26,2023-05-19,Poor
21.4,7.5,0.0,4.0,2023-05-20,Optimal
24.1,10.1,0.0,2.7,2023-05-21,Optimal
26.3,11.4,0.0,3.74,2023-05-22,Optimal
27.1,12.1,0.0,3.02,2023-05-23,Optimal
23.5,12.9,0.0,5.28,2023-05-24,Optimal
21.3,10.7,0.1,4.44,2023-05-25,Moderate
23.2,6.1,0.0,2.86,2023-05-26,Optimal
25.3,8.8,0.0,2.92,2023-05-27,Optimal
25.7,11.8,0.0,2.86,2023-05-28,Optimal
27.9,14.8,0.0,2.86,2023-05-29,Optimal
30.8,14.0,0.0,3.71,2023-05-30,Moderate
31.5,16.5,0.0,3.98,2023-05-31,Moderate
31.3,18.6,1.1,4.06,2023-06-01,Poor
31.2,18.8,0.3,2.92,2023-06-02,Moderate
32.2,19.6,0.0,4.6,2023-06-03,Moderate
30.7,18.5,0.0,3.35,2023-06-04,Moderate
30.6,16.1,0.3,2.33,2023-06-05,Moderate
27.4,18.7,17.0,2.97,2023-06-06,Moderate
25.0,15.0,0.3,3.42,2023-06-07,Optimal
23.4,11.0,0.0,2.97,2023-06-08,Optimal
26.3,12.1,0.0,2.45,2023-06-09,Optimal
27.4,16.0,0.2,4.25,2023-06-10,Moderate
20.2,11.7,1.2,5.32,2023-06-11,Moderate
21.4,7.7,0.5,5.2,2023-06-12,Moderate
25.9,12.8,0.5,6.58,2023-06-13,Moderate
28.9,13.9,0.0,2.38,2023-06-14,Optimal
24.6,13.8,0.0,4.2,2023-06-15,Optimal
25.2,9.5,0.0,3.36,2023-06-16,Optimal
26.8,13.5,0.0,2.9,2023-06-17,Optimal
29.3,16.3,0.1,5.55,2023-06-18,Moderate
30.7,17.4,0.0,3.52,2023-06-19,Moderate
30.8,17.1,0.0,4.54,2023-06-20,Moderate
31.5,17.5,0.0,3.72,2023-06-21,Moderate
31.9,17.9,0.0,3.1,2023-06-22,Moderate
32.0,17.7,0.0,2.86,2023-06-23,Moderate
32.7,18.6,3.2,6.04,2023-06-24,Poor
23.4,19.4,4.2,6.52,2023-06-25,Moderate
25.8,17.3,0.4,7.17,2023-06-26,Moderate
27.4,15.5,0.0,3.7,2023-06-27,Optimal
28.9,17.9,3.5,5.3,2023-06-28,Moderate
31.2,19.2,0.0,4.57,2023-06-29,Moderate
30.0,20.4,0.1,3.04,2023-06-30,Optimal
28.6,19.9,1.4,3.14,2023-07-01,Moderate
29.1,19.2,0.0,3.4,2023-07-02,Optimal
31.7,18.3,0.0,3.86,2023-07-03,Moderate
31.8,21.6,5.3,5.0,2023-07-04,Poor
26.0,20.4,0.7,4.43,2023-07-05,Moderate
23.3,16.0,0.0,4.08,2023-07-06,Optimal
23.8,12.3,1.2,3.21,2023-07-07,Moderate
25.8,14.6,0.0,3.5,2023-07-08,Optimal
27.4,14.6,0.0,3.3,2023-07-09,Optimal
30.9,18.2,0.0,5.8,2023-07-10,Moderate
26.5,18.2,0.0,4.07,2023-07-11,Optimal
22.2,16.5,25.8,5.06,2023-07-12,Moderate
27.0,13.2,3.8,3.92,2023-07-13,Moderate
29.6,19.2,1.9,3.94,2023-07-14,Moderate
28.2,19.0,0.0,4.65,2023-07-15,Optimal
27.2,16.1,0.1,6.81,2023-07-16,Moderate
23.5,14.0,0.0,4.66,2023-07-17,Optimal
25.3,14.5,0.0,2.22,2023-07-18,Optimal
29.1,15.1,0.0,4.71,2023-07-19,Optimal
25.6,18.4,0.1,5.95,2023-07-20,Moderate
27.6,14.9,0.0,2.82,2023-07-21,Optimal
28.1,17.1,1.5,4.34,2023-07-22,Moderate
28.1,16.1,0.0,2.55,2023-07-23,Optimal
30.0,16.7,0.0,3.18,2023-07-24,Optimal
31.7,20.5,0.0,4.03,2023-07-25,Moderate
32.6,23.3,3.4,4.9,2023-07-26,Poor
33.7,21.5,0.0,5.38,2023-07-27,Moderate
32.2,22.1,10.0,4.05,2023-07-28,Poor
28.5,20.2,0.2,3.56,2023-07-29,Moderate
27.1,15.7,0.1,3.62,2023-07-30,Moderate
27.5,15.2,0.0,2.44,2023-07-31,Optimal
28.5,16.1,0.0,3.06,2023-08-01,Optimal
29.9,19.5,0.0,3.16,2023-08-02,Optimal
31.0,19.6,0.1,2.75,2023-08-03,Moderate
30.9,19.5,0.0,4.02,2023-08-04,Moderate
29.0,18.4,0.0,4.56,2023-08-05,Optimal
27.4,17.8,0.0,4.0,2023-08-06,Optimal
28.0,18.2,0.0,3.83,2023-08-07,Optimal
28.1,17.9,0.0,3.48,2023-08-08,Optimal
27.6,16.8,3.1,3.84,2023-08-09,Moderate
27.6,17.7,0.1,3.09,2023-08-10,Optimal
29.8,19.1,13.8,5.22,2023-08-11,Moderate
29.2,18.0,2.4,7.32,2023-08-12,Moderate
21.9,16.6,2.7,2.92,2023-08-13,Moderate
20.5,16.1,23.2,5.86,2023-08-14,Moderate
24.7,13.4,0.0,3.9,2023-08-15,Optimal
26.5,15.6,0.0,7.11,2023-08-16,Optimal
22.6,16.2,7.8,7.57,2023-08-17,Moderate
24.9,13.5,0.0,3.85,2023-08-18,Optimal
30.6,18.1,1.3,5.56,2023-08-19,Poor
31.8,23.5,0.0,3.67,2023-08-20,Moderate
28.7,20.5,0.0,3.67,2023-08-21,Optimal
32.2,18.7,0.0,4.59,2023-08-22,Moderate
37.5,26.3,0.0,5.37,2023-08-23,Poor
35.3,23.2,7.0,8.2,2023-08-24,Poor
30.3,21.5,3.7,3.79,2023-08-25,Poor
25.5,17.8,0.0,4.66,2023-08-26,Optimal
22.9,14.0,0.1,3.05,2023-08-27,Optimal
27.8,15.2,0.4,3.88,2023-08-28,Moderate
26.7,18.8,0.1,5.22,2023-08-29,Moderate
22.9,12.7,0.0,3.28,2023-08-30,Optimal
25.3,11.1,0.0,3.49,2023-08-31,Optimal
28.4,14.6,0.0,5.28,2023-09-01,Optimal
33.5,17.9,0.0,6.11,2023-09-02,Moderate
35.1,21.1,0.0,5.33,2023-09-03,Poor
34.2,21.6,0.0,5.66,2023-09-04,Moderate
32.6,21.1,5.6,6.53,2023-09-05,Poor
24.1,18.8,13.6,6.16,2023-09-06,Moderate
19.0,15.0,0.2,4.37,2023-09-07,Moderate
22.2,14.4,0.1,2.39,2023-09-08,Optimal
24.8,11.3,0.0,2.5,2023-09-09,Optimal
24.9,16.1,2.5,3.3,2023-09-10,Moderate
22.2,14.0,5.5,3.64,2023-09-11,Moderate
21.0,9.9,3.2,2.79,2023-09-12,Moderate
18.9,9.8,0.1,2.88,2023-09-13,Moderate
23.3,9.0,0.0,3.42,2023-09-14,Optimal
25.1,13.9,0.0,5.02,2023-09-15,Optimal
22.1,13.3,4.9,2.6,2023-09-16,Moderate
21.7,11.5,0.0,3.76,2023-09-17,Optimal
23.7,11.3,0.0,3.25,2023-09-18,Optimal
23.7,14.8,12.6,5.14,2023-09-19,Moderate
24.2,16.8,1.5,3.32,2023-09-20,Moderate
25.6,14.7,0.6,3.88,2023-09-21,Moderate
25.0,16.8,5.0,4.61,2023-09-22,Moderate
26.2,17.4,15.7,6.35,2023-09-23,Moderate
22.5,15.5,19.1,6.16,2023-09-24,Moderate
22.7,15.3,31.5,4.49,2023-09-25,Moderate
20.5,16.0,17.6,4.34,2023-09-26,Moderate
21.3,16.2,1.7,4.51,2023-09-27,Moderate
21.6,15.5,0.5,3.71,2023-09-28,Moderate
25.6,13.7,6.2,5.22,2023-09-29,Moderate
30.0,18.9,0.0,4.75,2023-09-30,Optimal
30.3,20.0,0.0,3.9,2023-10-01,Moderate
28.4,17.4,0.0,3.86,2023-10-02,Optimal
28.7,18.3,0.0,6.82,2023-10-03,Optimal
24.6,16.7,2.0,6.28,2023-10-04,Moderate
20.9,11.9,0.2,6.4,2023-10-05,Moderate
12.4,8.4,1.6,7.55,2023-10-06,Poor
13.2,5.8,0.0,5.32,2023-10-07,Poor
13.8,7.1,0.0,4.07,2023-10-08,Poor
12.7,3.9,0.0,5.7,2023-10-09,Poor
14.2,5.3,0.0,4.21,2023-10-10,Poor
16.8,3.6,0.0,4.3,2023-10-11,Moderate
12.1,8.8,16.5,7.17,2023-10-12,Poor
12.4,9.4,24.2,7.78,2023-10-13,Poor
14.7,9.4,1.7,6.75,2023-10-14,Poor
13.4,4.6,0.0,5.77,2023-10-15,Poor
13.5,3.9,0.0,3.14,2023-10-16,Moderate
17.6,4.0,0.0,3.34,2023-10-17,Moderate
17.7,9.1,1.8,6.26,2023-10-18,Poor
15.2,6.8,1.7,5.41,2023-10-19,Poor
16.8,6.7,0.0,5.75,2023-10-20,Moderate
16.8,8.1,1.2,8.51,2023-10-21,Poor
13.1,3.3,0.0,2.97,2023-10-22,Moderate
18.1,7.4,13.4,7.38,2023-10-23,Poor
24.3,15.5,3.8,7.34,2023-10-24,Moderate
20.6,16.5,0.1,6.3,2023-10-25,Moderate
19.9,16.2,13.6,5.64,2023-10-26,Poor
17.9,3.6,0.7,6.08,2023-10-27,Moderate
3.4,0.6,0.2,4.56,2023-10-28,Poor
3.1,-0.1,0.4,4.03,2023-10-29,Poor
2.9,-4.1,0.0,5.39,2023-10-30,Poor
3.4,-1.8,3.4,7.43,2023-10-31,Poor
4.0,-4.9,0.0,4.53,2023-11-01,Poor
9.8,-1.0,0.0,3.79,2023-11-02,Poor
11.0,4.6,0.0,4.02,2023-11-03,Poor
11.1,0.5,0.0,3.81,2023-11-04,Poor
14.8,4.0,0.0,7.02,2023-11-05,Poor
17.3,6.5,0.6,6.91,2023-11-06,Moderate
10.8,3.0,0.0,6.26,2023-11-07,Poor
11.0,5.8,4.6,5.68,2023-11-08,Poor
10.8,2.3,0.0,6.6,2023-11-09,Poor
6.3,0.6,0.0,4.68,2023-11-10,Poor
6.5,-3.6,0.0,4.74,2023-11-11,Poor
13.2,4.7,0.7,6.31,2023-11-12,Poor
13.3,4.4,0.0,3.71,2023-11-13,Poor
14.4,3.7,0.0,5.71,2023-11-14,Poor
16.5,7.2,0.0,5.06,2023-11-15,Moderate
17.1,8.2,0.0,7.17,2023-11-16,Moderate
10.0,0.2,0.0,6.24,2023-11-17,Poor
11.1,0.4,0.0,3.3,2023-11-18,Moderate
11.3,0.4,0.0,4.12,2023-11-19,Poor
8.1,3.3,0.1,4.88,2023-11-20,Poor
8.4,1.9,2.4,5.78,2023-11-21,Poor
6.3,-2.5,0.0,4.8,2023-11-22,Poor
3.2,-4.0,0.0,5.35,2023-11-23,Poor
-1.2,-7.7,0.0,4.14,2023-11-24,Poor
0.1,-4.5,0.4,2.06,2023-11-25,Poor
1.2,-4.4,4.1,6.04,2023-11-26,Poor
-4.7,-9.8,0.0,5.77,2023-11-27,Poor
-3.5,-12.1,0.0,5.06,2023-11-28,Poor
7.5,-5.6,0.0,4.88,2023-11-29,Poor
7.0,-1.2,0.0,4.47,2023-11-30,Poor
2.3,-2.8,0.0,4.46,2023-12-01,Poor
4.3,-3.3,0.1,3.41,2023-12-02,Poor
3.4,-0.4,7.4,3.13,2023-12-03,Poor
3.6,-3.1,0.0,3.24,2023-12-04,Moderate
3.0,-1.3,1.2,3.88,2023-12-05,Poor
4.6,-4.7,0.0,5.64,2023-12-06,Poor
9.6,-1.1,0.0,4.28,2023-12-07,Poor
10.5,4.4,0.0,4.83,2023-12-08,Poor
4.9,-0.2,1.2,7.21,2023-12-09,Poor
0.2,-5.6,0.0,5.64,2023-12-10,Poor
1.7,-6.6,0.0,4.39,2023-12-11,Poor
0.2,-4.8,0.0,5.07,2023-12-12,Poor
5.8,-5.6,0.0,3.81,2023-12-13,Poor
8.9,-1.2,0.0,3.97,2023-12-14,Poor
9.2,0.9,0.0,3.22,2023-12-15,Moderate
5.7,3.4,8.9,4.07,2023-12-16,Poor
4.6,-0.3,0.3,5.37,2023-12-17,Poor
1.4,-7.3,0.0,8.6,2023-12-18,Poor
2.1,-7.5,0.0,4.95,2023-12-19,Poor
5.5,-3.4,0.0,3.61,2023-12-20,Poor
5.0,-1.0,0.2,3.71,2023-12-21,Poor
8.3,2.7,0.0,2.56,2023-12-22,Moderate
9.0,4.5,0.4,3.33,2023-12-23,Poor
12.5,7.8,1.2,6.0,2023-12-24,Poor
12.2,10.5,12.9,6.26,2023-12-25,Poor
11.0,0.8,4.7,4.71,2023-12-26,Poor
5.9,-2.3,0.0,3.3,2023-12-27,Moderate
3.1,-2.0,1.6,6.07,2023-12-28,Poor
5.4,-2.4,0.0,4.51,2023-12-29,Poor
4.6,-2.6,0.2,4.08,2023-12-30,Poor
1.6,-3.1,1.9,5.21,2023-12-31,Poor
-0.1,-6.6,0.0,3.61,2024-01-01,Poor
3.7,-5.7,0.0,4.25,2024-01-02,Poor
1.3,-2.2,0.0,3.86,2024-01-03,Poor
-0.2,-6.8,0.0,2.72,2024-01-04,Moderate
3.9,-4.9,0.0,3.71,2024-01-05,Poor
2.5,-2.7,0.1,2.97,2024-01-06,Poor
1.0,-3.0,0.0,3.26,2024-01-07,Moderate
2.0,-4.5,1.0,5.05,2024-01-08,Poor
0.5,-0.9,18.1,7.0,2024-01-09,Poor
-0.9,-4.5,0.9,5.32,2024-01-10,Poor
-0.4,-7.2,3.1,3.09,2024-01-11,Poor
-0.8,-7.0,15.5,7.57,2024-01-12,Poor
-3.2,-19.1,2.8,7.04,2024-01-13,Poor
-15.1,-24.4,0.1,5.41,2024-01-14,Poor
-15.3,-24.7,0.0,4.4,2024-01-15,Poor
-15.5,-22.8,0.0,6.81,2024-01-16,Poor
-9.4,-21.0,0.0,4.7,2024-01-17,Poor
-9.7,-18.0,1.4,4.22,2024-01-18,Poor
-13.7,-19.1,0.4,4.74,2024-01-19,Poor
-11.0,-20.5,0.0,4.0,2024-01-20,Poor
-8.0,-20.6,0.0,5.39,2024-01-21,Poor
1.7,-7.5,0.0,6.5,2024-01-22,Poor
2.1,-0.7,0.8,3.58,2024-01-23,Poor
4.1,0.1,0.0,2.47,2024-01-24,Moderate
2.9,1.2,3.1,2.15,2024-01-25,Poor
4.2,1.4,5.7,1.94,2024-01-26,Poor
5.5,0.6,0.0,2.86,2024-01-27,Moderate
2.6,-4.5,0.0,3.6,2024-01-28,Poor
5.4,-3.6,0.0,4.6,2024-01-29,Poor
4.8,-1.2,0.0,4.88,2024-01-30,Poor
9.6,-2.6,0.0,4.32,2024-01-31,Poor
10.6,-0.6,0.0,3.32,2024-02-01,Moderate
3.3,-3.6,0.0,4.37,2024-02-02,Poor
7.1,-3.6,0.0,3.85,2024-02-03,Poor
9.7,-3.5,0.0,3.71,2024-02-04,Poor
10.6,-3.2,0.0,2.84,2024-02-05,Moderate
10.6,-2.2,0.0,3.51,2024-02-06,Poor
9.3,0.2,0.0,5.16,2024-02-07,Poor
14.4,4.3,2.5,8.72,2024-02-08,Poor
6.8,-1.1,0.0,6.61,2024-02-09,Poor
3.8,-3.3,0.0,4.92,2024-02-10,Poor
4.1,-4.3,0.0,4.49,2024-02-11,Poor
8.0,-2.9,0.0,4.19,2024-02-12,Poor
3.6,-4.7,0.0,3.68,2024-02-13,Poor
9.1,-3.5,0.0,4.03,2024-02-14,Poor
3.2,-4.8,6.5,6.5,2024-02-15,Poor
-2.1,-10.7,0.0,5.62,2024-02-16,Poor
0.2,-11.7,0.0,7.66,2024-02-17,Poor
5.3,-3.9,0.0,5.41,2024-02-18,Poor
8.5,-5.1,0.0,3.16,2024-02-19,Moderate
10.5,-1.4,0.0,4.6,2024-02-20,Poor
13.9,2.2,0.0,2.92,2024-02-21,Moderate
15.0,-0.0,0.0,5.46,2024-02-22,Moderate
5.8,-3.6,1.0,5.85,2024-02-23,Poor
3.9,-8.5,0.0,5.17,2024-02-24,Poor
12.9,0.2,0.0,4.83,2024-02-25,Poor
17.3,-0.5,0.0,5.57,2024-02-26,Moderate
18.7,-2.8,0.5,7.64,2024-02-27,Moderate
-3.7,-11.8,1.2,8.29,2024-02-28,Poor
9.2,-9.2,0.0,6.6,2024-02-29,Poor
10.3,-0.1,0.0,6.41,2024-03-01,Poor
15.1,0.1,0.0,5.46,2024-03-02,Moderate
20.7,6.5,0.1,8.19,2024-03-03,Moderate
9.2,2.5,20.3,5.53,2024-03-04,Poor
11.5,-0.3,0.0,4.51,2024-03-05,Poor
11.3,-2.0,0.0,4.21,2024-03-06,Poor
13.3,1.6,0.0,4.0,2024-03-07,Poor
6.3,2.9,7.2,4.97,2024-03-08,Poor
5.0,-4.0,0.0,6.83,2024-03-09,Poor
7.7,-4.2,0.0,3.69,2024-03-10,Poor
18.4,0.9,0.0,5.24,2024-03-11,Moderate
19.8,9.0,0.0,5.4,2024-03-12,Moderate
20.1,4.6,0.0,3.77,2024-03-13,Optimal
12.3,6.2,3.9,5.42,2024-03-14,Poor
13.5,0.6,0.0,4.96,2024-03-15,Poor
9.4,2.2,0.1,7.92,2024-03-16,Poor
1.5,-3.5,0.1,6.64,2024-03-17,Poor
3.9,-6.0,0.0,5.05,2024-03-18,Poor
12.7,-1.7,0.0,8.8,2024-03-19,Poor
3.5,-6.3,0.0,6.19,2024-03-20,Poor
2.2,-4.2,0.1,2.5,2024-03-21,Poor
4.4,-3.1,1.7,4.71,2024-03-22,Poor
4.1,-6.0,0.2,3.57,2024-03-23,Poor
4.7,-2.0,4.3,6.49,2024-03-24,Poor
14.2,4.6,4.5,5.55,2024-03-25,Poor
9.7,-3.3,5.7,7.36,2024-03-26,Poor
4.2,-3.5,0.0,6.9,2024-03-27,Poor
7.3,-5.5,0.0,3.21,2024-03-28,Moderate
12.7,-3.5,4.2,5.26,2024-03-29,Poor
13.2,2.9,9.4,4.9,2024-03-30,Poor
12.7,1.5,0.0,2.8,2024-03-31,Moderate
9.3,1.9,6.1,6.45,2024-04-01,Poor
2.4,1.0,19.7,7.32,2024-04-02,Poor
1.9,0.5,8.5,9.95,2024-04-03,Poor
7.1,-0.2,0.3,7.2,2024-04-04,Poor
10.9,-2.3,0.0,4.83,2024-04-05,Poor
12.8,-1.8,0.0,6.05,2024-04-06,Poor
11.6,3.3,7.8,7.96,2024-04-07,Poor
17.5,7.0,0.0,7.78,2024-04-08,Moderate
16.3,4.5,0.0,6.1,2024-04-09,Moderate
20.0,5.9,0.0,4.88,2024-04-10,Optimal
17.8,7.0,1.2,5.19,2024-04-11,Poor
16.1,7.2,0.1,7.95,2024-04-12,Moderate
21.7,3.9,0.0,6.05,2024-04-13,Optimal
25.7,13.4,0.0,5.52,2024-04-14,Optimal
22.7,7.6,0.0,4.08,2024-04-15,Optimal
18.4,9.8,13.9,9.11,2024-04-16,Poor
16.5,9.8,3.9,8.13,2024-04-17,Poor
11.3,5.7,2.6,4.98,2024-04-18,Poor
11.2,1.7,0.0,9.29,2024-04-19,Poor
5.6,-0.1,0.0,5.39,2024-04-20,Poor
14.2,-0.1,0.0,4.92,2024-04-21,Poor
17.6,2.9,0.0,7.84,2024-04-22,Moderate
17.1,8.5,1.9,7.74,2024-04-23,Poor
12.8,0.7,0.0,4.65,2024-04-24,Poor
16.0,3.7,0.0,4.47,2024-04-25,Moderate
13.8,6.0,11.8,7.43,2024-04-26,Poor
24.1,15.2,19.4,8.41,2024-04-27,Moderate
14.6,8.7,11.4,5.39,2024-04-28,Poor
16.8,9.1,1.1,6.31,2024-04-29,Poor
22.8,6.7,0.9,6.76,2024-04-30,Moderate
20.3,11.2,0.6,7.52,2024-05-01,Moderate
20.7,11.3,19.6,6.53,2024-05-02,Moderate
21.8,6.2,0.0,3.31,2024-05-03,Optimal
21.4,9.5,6.1,5.87,2024-05-04,Moderate
19.7,6.2,0.0,2.66,2024-05-05,Moderate
22.4,8.3,0.0,5.7,2024-05-06,Optimal
22.8,14.3,21.5,5.75,2024-05-07,Moderate
24.8,10.2,0.0,3.62,2024-05-08,Optimal
17.0,11.1,12.7,4.3,2024-05-09,Poor
21.6,7.9,0.4,6.28,2024-05-10,Moderate
20.4,8.9,0.0,4.97,2024-05-11,Optimal
25.9,10.9,1.5,5.52,2024-05-12,Moderate
23.8,13.7,0.0,4.31,2024-05-13,Optimal
20.1,11.6,0.0,4.66,2024-05-14,Optimal
21.9,8.3,0.0,3.26,2024-05-15,Optimal
23.5,13.4,4.4,5.53,2024-05-16,Moderate
25.2,10.8,0.1,3.91,2024-05-17,Moderate
28.7,14.8,3.0,6.4,2024-05-18,Moderate
24.3,12.4,0.0,4.22,2024-05-19,Optimal
24.4,15.1,12.1,5.17,2024-05-20,Moderate
28.0,16.1,32.1,8.77,2024-05-21,Moderate
21.8,13.6,0.4,7.59,2024-05-22,Moderate
24.2,11.3,0.5,4.6,2024-05-23,Moderate
25.6,14.1,15.3,8.84,2024-05-24,Moderate
24.1,9.0,0.0,5.31,2024-05-25,Optimal
17.3,12.8,28.4,5.8,2024-05-26,Poor
21.0,11.5,1.1,5.24,2024-05-27,Moderate
18.6,10.9,3.2,6.52,2024-05-28,Poor
20.8,8.6,0.0,3.05,2024-05-29,Optimal
22.4,9.8,0.0,3.94,2024-05-30,Optimal
25.5,11.7,0.0,4.13,2024-05-31,Optimal
21.0,14.3,8.5,2.91,2024-06-01,Moderate
24.8,12.2,0.0,3.3,2024-06-02,Optimal
24.6,17.8,4.1,6.26,2024-06-03,Moderate
28.3,19.5,5.1,5.66,2024-06-04,Moderate
26.3,15.8,2.8,7.14,2024-06-05,Moderate
20.9,15.0,0.0,9.17,2024-06-06,Optimal
23.3,13.8,0.0,5.31,2024-06-07,Optimal
21.7,12.6,4.0,4.25,2024-06-08,Moderate
22.7,12.6,0.0,7.86,2024-06-09,Optimal
21.3,9.5,0.0,4.23,2024-06-10,Optimal
22.8,11.4,0.2,4.82,2024-06-11,Moderate
29.6,13.8,0.2,6.29,2024-06-12,Moderate
26.9,18.3,0.3,5.16,2024-06-13,Moderate
25.8,16.4,0.0,4.06,2024-06-14,Optimal
25.2,15.2,0.0,5.89,2024-06-15,Optimal
31.3,19.9,8.5,6.13,2024-06-16,Poor
30.1,21.1,12.6,5.69,2024-06-17,Poor
31.1,23.0,2.8,8.12,2024-06-18,Poor
27.0,18.3,11.3,5.66,2024-06-19,Moderate
25.1,17.3,1.9,3.72,2024-06-20,Moderate
29.1,18.6,7.7,3.94,2024-06-21,Moderate
27.5,20.5,41.0,5.51,2024-06-22,Moderate
26.6,17.4,0.0,5.46,2024-06-23,Optimal
30.2,16.2,2.8,7.23,2024-06-24,Poor
30.7,22.0,2.3,6.51,2024-06-25,Poor
27.3,18.5,0.7,6.19,2024-06-26,Moderate
25.1,13.4,0.1,4.38,2024-06-27,Moderate
23.4,14.6,24.0,5.9,2024-06-28,Moderate
27.5,17.0,0.4,6.32,2024-06-29,Moderate
21.7,12.2,0.0,3.52,2024-06-30,Optimal
23.0,12.1,0.0,4.7,2024-07-01,Optimal
23.1,15.9,46.0,6.89,2024-07-02,Moderate
29.0,17.9,0.0,5.56,2024-07-03,Optimal
24.6,18.5,18.6,4.78,2024-07-04,Moderate
23.5,16.9,2.1,4.53,2024-07-05,Moderate
25.9,14.4,0.0,2.55,2024-07-06,Optimal
26.4,17.3,14.3,5.2,2024-07-07,Moderate
26.8,18.2,1.8,3.81,2024-07-08,Moderate
27.2,16.6,0.0,2.62,2024-07-09,Optimal
28.3,18.2,0.3,2.7,2024-07-10,Optimal
27.3,18.1,0.6,2.42,2024-07-11,Optimal
28.9,17.4,0.1,2.72,2024-07-12,Optimal
30.0,19.7,1.3,5.31,2024-07-13,Moderate
31.2,21.4,11.0,4.88,2024-07-14,Poor
31.0,19.0,0.0,3.92,2024-07-15,Moderate
27.2,20.1,0.1,4.47,2024-07-16,Moderate
23.4,15.8,0.0,5.15,2024-07-17,Optimal
22.9,11.9,0.0,2.38,2024-07-18,Optimal
25.1,15.9,0.0,2.66,2024-07-19,Optimal
26.4,16.2,0.3,2.79,2024-07-20,Optimal
25.6,17.7,12.4,4.12,2024-07-21,Moderate
27.3,16.4,0.6,3.02,2024-07-22,Optimal
27.4,18.4,4.3,3.47,2024-07-23,Moderate
25.3,16.5,0.5,2.77,2024-07-24,Optimal
25.9,15.0,0.0,2.62,2024-07-25,Optimal
27.9,15.5,0.0,3.62,2024-07-26,Optimal
29.8,18.3,0.0,4.32,2024-07-27,Optimal
28.4,19.3,3.9,3.99,2024-07-28,Moderate
29.5,20.6,11.7,3.86,2024-07-29,Moderate
31.0,18.3,0.8,3.49,2024-07-30,Moderate
32.8,20.8,1.0,3.18,2024-07-31,Moderate
28.9,20.7,6.6,5.19,2024-08-01,Moderate
30.8,20.3,0.1,4.1,2024-08-02,Moderate
30.7,19.4,0.0,3.26,2024-08-03,Moderate
32.1,20.7,6.6,3.1,2024-08-04,Poor
29.9,21.0,19.3,5.95,2024-08-05,Moderate
24.6,14.5,11.7,8.63,2024-08-06,Moderate
25.4,14.4,0.0,2.75,2024-08-07,Optimal
24.4,16.3,2.1,5.46,2024-08-08,Moderate
20.2,12.9,0.4,5.77,2024-08-09,Moderate
21.6,12.4,0.0,5.46,2024-08-10,Optimal
24.2,13.1,0.0,3.16,2024-08-11,Optimal
26.0,15.7,0.0,2.15,2024-08-12,Optimal
27.5,16.1,0.0,3.01,2024-08-13,Optimal
27.7,15.9,1.7,4.95,2024-08-14,Moderate
27.4,19.0,36.8,6.38,2024-08-15,Moderate
25.9,18.1,12.1,5.0,2024-08-16,Moderate
24.9,18.6,0.4,4.8,2024-08-17,Moderate
26.7,16.8,0.0,4.73,2024-08-18,Optimal
24.4,14.9,0.0,3.63,2024-08-19,Optimal
22.6,14.7,0.0,3.41,2024-08-20,Optimal
23.2,12.2,0.0,2.69,2024-08-21,Optimal
23.6,12.5,0.0,4.23,2024-08-22,Optimal
26.1,14.8,0.0,3.86,2024-08-23,Optimal
30.6,16.2,0.0,3.26,2024-08-24,Moderate
31.8,22.0,0.4,5.7,2024-08-25,Moderate
34.4,22.4,16.1,5.22,2024-08-26,Poor
32.4,23.0,0.0,5.99,2024-08-27,Moderate
28.2,20.5,0.6,4.11,2024-08-28,Moderate
29.5,20.0,12.9,4.97,2024-08-29,Moderate
26.0,18.4,5.6,4.51,2024-08-30,Moderate
27.7,16.5,0.0,4.47,2024-08-31,Optimal
22.6,15.0,0.0,4.72,2024-09-01,Optimal
23.1,11.3,0.0,2.6,2024-09-02,Optimal
23.9,13.1,0.0,4.13,2024-09-03,Optimal
25.3,12.7,0.0,4.03,2024-09-04,Optimal
24.9,16.3,3.4,4.24,2024-09-05,Moderate
19.5,12.4,0.6,4.61,2024-09-06,Moderate
18.0,6.9,0.0,3.14,2024-09-07,Moderate
23.4,10.5,0.0,5.5,2024-09-08,Optimal
26.1,13.8,0.0,3.44,2024-09-09,Optimal
26.9,14.3,0.0,5.41,2024-09-10,Optimal
28.6,15.4,0.0,3.94,2024-09-11,Optimal
29.3,16.0,0.0,3.68,2024-09-12,Optimal
27.7,17.6,0.0,4.22,2024-09-13,Optimal
28.2,18.9,0.1,3.45,2024-09-14,Optimal
30.6,18.9,0.0,3.32,2024-09-15,Moderate
28.9,17.8,0.0,2.95,2024-09-16,Optimal
29.3,17.7,0.0,3.8,2024-09-17,Optimal
28.9,15.6,0.0,3.86,2024-09-18,Optimal
29.5,18.2,2.8,6.44,2024-09-19,Moderate
28.6,18.5,0.1,4.4,2024-09-20,Moderate
30.4,18.0,26.7,6.5,2024-09-21,Poor
21.0,13.6,14.3,5.56,2024-09-22,Moderate
20.0,9.4,0.0,3.04,2024-09-23,Optimal
21.9,9.3,0.0,2.56,2024-09-24,Optimal
23.3,11.6,0.0,2.97,2024-09-25,Optimal
25.0,11.8,0.0,2.85,2024-09-26,Optimal
25.1,12.7,0.0,4.3,2024-09-27,Optimal
26.3,15.0,0.0,4.78,2024-09-28,Optimal
25.9,14.6,0.0,3.71,2024-09-29,Optimal
26.4,13.4,0.0,4.45,2024-09-30,Optimal
20.0,11.5,0.0,6.86,2024-10-01,Optimal
20.8,9.1,0.0,6.6,2024-10-02,Optimal
22.6,11.6,0.0,3.87,2024-10-03,Optimal
20.1,10.9,0.5,3.91,2024-10-04,Moderate
26.2,11.2,8.3,7.44,2024-10-05,Moderate
17.7,11.3,0.0,7.46,2024-10-06,Moderate
17.5,6.3,0.0,3.58,2024-10-07,Moderate
20.8,8.4,0.0,2.51,2024-10-08,Optimal
20.6,8.3,0.0,3.83,2024-10-09,Optimal
22.7,8.7,0.0,3.44,2024-10-10,Optimal
25.7,14.0,0.0,3.88,2024-10-11,Optimal
18.3,9.9,0.0,4.84,2024-10-12,Moderate
13.4,6.5,0.1,9.21,2024-10-13,Poor
11.0,4.4,0.0,7.21,2024-10-14,Poor
10.9,2.4,0.0,6.72,2024-10-15,Poor
13.1,0.2,0.0,3.44,2024-10-16,Moderate
16.9,4.7,0.0,6.31,2024-10-17,Moderate
19.1,7.7,0.0,5.21,2024-10-18,Moderate
21.3,9.3,0.0,4.33,2024-10-19,Optimal
24.9,13.6,0.0,5.12,2024-10-20,Optimal
24.5,13.3,0.0,4.34,2024-10-21,Optimal
21.1,12.9,0.2,5.45,2024-10-22,Moderate
16.3,7.9,0.0,5.77,2024-10-23,Moderate
16.5,3.5,7.9,6.11,2024-10-24,Poor
14.6,6.8,0.0,5.52,2024-10-25,Poor
14.1,3.0,0.0,3.04,2024-10-26,Moderate
15.0,4.6,0.0,5.23,2024-10-27,Moderate
19.1,8.4,0.0,5.75,2024-10-28,Moderate
26.2,17.8,0.0,7.18,2024-10-29,Optimal
24.7,16.7,23.4,7.82,2024-10-30,Moderate
17.6,4.4,9.9,10.02,2024-10-31,Poor
9.7,0.7,0.0,5.03,2024-11-01,Poor
13.9,2.4,1.0,4.0,2024-11-02,Poor
14.6,7.6,43.2,6.51,2024-11-03,Poor
19.1,14.4,5.0,6.05,2024-11-04,Poor
17.3,8.6,21.1,7.33,2024-11-05,Poor
11.7,4.4,0.0,4.78,2024-11-06,Poor
13.6,2.3,0.0,4.29,2024-11-07,Poor
14.2,4.9,0.0,3.67,2024-11-08,Poor
12.5,4.9,2.4,4.67,2024-11-09,Poor
12.9,8.6,4.2,5.72,2024-11-10,Poor
9.7,1.9,0.0,6.98,2024-11-11,Poor
9.4,-1.3,0.0,5.48,2024-11-12,Poor
9.7,2.2,0.2,5.21,2024-11-13,Poor
11.9,4.6,1.3,4.14,2024-11-14,Poor
12.6,5.3,0.0,2.82,2024-11-15,Moderate
10.6,3.7,4.2,7.89,2024-11-16,Poor
11.6,3.9,0.0,4.59,2024-11-17,Poor
13.8,0.2,16.8,8.46,2024-11-18,Poor
15.1,8.1,14.0,9.1,2024-11-19,Poor
7.6,-1.4,1.5,6.52,2024-11-20,Poor
5.6,-2.0,0.4,8.64,2024-11-21,Poor
7.3,2.9,0.0,5.41,2024-11-22,Poor
6.2,2.0,0.0,3.11,2024-11-23,Moderate
8.7,0.6,0.0,4.84,2024-11-24,Poor
6.4,-3.9,6.5,6.9,2024-11-25,Poor
1.8,-6.1,0.0,5.17,2024-11-26,Poor
3.1,-5.3,0.0,3.98,2024-11-27,Poor
-2.0,-5.0,0.0,6.05,2024-11-28,Poor
-5.0,-9.2,0.1,6.28,2024-11-29,Poor
-5.5,-11.5,0.0,4.9,2024-11-30,Poor
-4.6,-12.0,0.0,4.74,2024-12-01,Poor
-3.5,-9.6,0.5,4.58,2024-12-02,Poor
-3.7,-7.9,0.0,5.38,2024-12-03,Poor
3.5,-10.9,0.6,10.91,2024-12-04,Poor
-4.5,-12.4,0.0,8.74,2024-12-05,Poor
1.2,-9.7,0.0,4.6,2024-12-06,Poor
8.8,-2.4,0.0,6.29,2024-12-07,Poor
10.2,-0.3,0.0,4.52,2024-12-08,Poor
7.8,0.0,0.0,6.02,2024-12-09,Poor
-1.0,-3.1,0.0,4.79,2024-12-10,Poor
-2.7,-16.4,0.5,7.67,2024-12-11,Poor
-11.8,-18.6,0.0,6.12,2024-12-12,Poor
-8.3,-17.0,0.0,5.09,2024-12-13,Poor
1.5,-7.5,8.1,6.28,2024-12-14,Poor
3.3,1.5,0.4,4.99,2024-12-15,Poor
4.6,1.4,4.8,6.81,2024-12-16,Poor
1.6,-2.2,0.0,5.29,2024-12-17,Poor
-1.3,-3.7,0.3,5.16,2024-12-18,Poor
-3.2,-4.7,8.5,5.76,2024-12-19,Poor
-3.4,-9.6,0.5,6.22,2024-12-20,Poor
-8.3,-17.7,0.0,3.04,2024-12-21,Moderate
1.3,-11.3,0.0,5.66,2024-12-22,Poor
2.7,0.1,4.7,4.95,2024-12-23,Poor
0.9,-4.2,0.0,2.71,2024-12-24,Moderate
0.7,-6.4,0.0,3.0,2024-12-25,Moderate
3.0,-1.1,1.2,2.83,2024-12-26,Poor
7.4,3.1,17.5,3.8,2024-12-27,Poor
6.8,1.5,4.9,5.39,2024-12-28,Poor
5.1,-1.2,0.0,2.87,2024-12-29,Moderate
2.0,-2.2,0.1,2.86,2024-12-30,Poor
1.6,-1.4,0.6,5.84,2024-12-31,Poor
-1.4,-5.0,0.0,5.98,2025-01-01,Poor
-2.2,-7.5,0.0,6.05,2025-01-02,Poor
-5.8,-10.3,0.0,6.56,2025-01-03,Poor
-7.6,-14.0,0.0,4.65,2025-01-04,Poor
-7.5,-13.9,0.0,4.77,2025-01-05,Poor
-4.3,-10.0,0.0,5.05,2025-01-06,Poor
-4.5,-12.4,0.0,3.03,2025-01-07,Moderate
-5.5,-13.9,0.0,2.92,2025-01-08,Moderate
-1.9,-12.2,0.0,4.05,2025-01-09,Poor
1.4,-5.0,0.4,4.42,2025-01-10,Poor
-1.3,-7.8,0.3,4.85,2025-01-11,Poor
-0.4,-9.5,0.3,6.98,2025-01-12,Poor
-8.9,-16.2,0.1,6.37,2025-01-13,Poor
-10.9,-18.3,0.3,5.29,2025-01-14,Poor
-3.9,-18.0,0.1,5.94,2025-01-15,Poor
2.9,-4.5,0.0,7.22,2025-01-16,Poor
7.8,-3.2,0.0,6.91,2025-01-17,Poor
-1.5,-14.0,0.0,8.35,2025-01-18,Poor
-14.9,-20.4,0.0,5.88,2025-01-19,Poor
-16.8,-21.6,0.0,5.01,2025-01-20,Poor
-16.2,-26.0,0.0,6.03,2025-01-21,Poor
-1.8,-15.5,0.8,8.73,2025-01-22,Poor
-4.6,-15.9,0.1,6.23,2025-01-23,Poor
-5.6,-20.4,0.0,4.73,2025-01-24,Poor
0.9,-6.7,0.0,7.88,2025-01-25,Poor
-2.3,-13.0,0.0,5.23,2025-01-26,Poor
4.4,-6.5,0.1,7.04,2025-01-27,Poor
8.3,-4.2,0.0,8.13,2025-01-28,Poor
5.0,-2.2,0.0,6.96,2025-01-29,Poor
12.0,-1.9,0.0,4.61,2025-01-30,Poor
7.7,-1.4,0.0,5.13,2025-01-31,Poor
0.6,-5.5,0.0,6.66,2025-02-01,Poor
8.8,-0.1,0.5,5.08,2025-02-02,Poor
2.0,-3.4,0.0,5.41,2025-02-03,Poor
-3.8,-13.4,0.0,5.86,2025-02-04,Poor
-1.5,-10.5,2.1,5.12,2025-02-05,Poor
1.8,-7.9,0.7,9.43,2025-02-06,Poor
0.2,-9.8,0.0,5.04,2025-02-07,Poor
-1.9,-5.5,2.8,5.46,2025-02-08,Poor
-6.0,-13.9,0.0,5.06,2025-02-09,Poor
-3.1,-14.1,0.4,4.19,2025-02-10,Poor
-8.7,-14.3,1.0,4.03,2025-02-11,Poor
-9.6,-13.5,5.7,4.39,2025-02-12,Poor
-11.6,-18.0,0.2,4.74,2025-02-13,Poor
-5.3,-18.6,3.4,5.38,2025-02-14,Poor
-3.4,-7.0,5.0,4.55,2025-02-15,Poor
-4.5,-16.2,0.2,6.44,2025-02-16,Poor
-16.6,-21.9,0.0,5.31,2025-02-17,Poor
-16.0,-24.7,0.0,4.0,2025-02-18,Poor
-14.5,-20.3,0.0,4.1,2025-02-19,Poor
-7.0,-18.5,0.0,4.14,2025-02-20,Poor
-6.2,-17.4,0.0,5.2,2025-02-21,Poor
-3.2,-11.9,0.0,5.42,2025-02-22,Poor
5.2,-5.1,0.0,4.41,2025-02-23,Poor
12.6,3.3,0.9,6.71,2025-02-24,Poor
10.1,-0.0,2.9,4.03,2025-02-25,Poor
12.1,1.8,6.5,5.2,2025-02-26,Poor
9.3,0.7,0.4,9.33,2025-02-27,Poor
12.1,-1.8,0.0,10.91,2025-02-28,Poor
-1.7,-7.3,0.0,7.03,2025-03-01,Poor
3.9,-10.0,0.0,3.32,2025-03-02,Moderate
14.3,-0.7,0.0,4.96,2025-03-03,Poor
13.4,5.2,14.5,4.9,2025-03-04,Poor
5.9,-2.0,15.4,10.29,2025-03-05,Poor
2.5,-6.6,0.0,5.63,2025-03-06,Poor
4.5,-1.0,3.4,3.62,2025-03-07,Poor
9.7,-3.7,0.0,7.37,2025-03-08,Poor
16.3,-0.8,0.0,7.1,2025-03-09,Moderate
20.9,0.5,0.0,6.85,2025-03-10,Optimal
10.7,1.3,0.0,5.62,2025-03-11,Poor
15.2,-2.0,0.0,3.54,2025-03-12,Moderate
17.4,-0.3,0.0,4.77,2025-03-13,Moderate
25.0,7.7,8.2,8.6,2025-03-14,Moderate
12.7,0.8,5.5,8.53,2025-03-15,Poor
4.8,-4.6,0.0,7.41,2025-03-16,Poor
14.8,-3.0,0.3,8.76,2025-03-17,Poor
17.4,2.7,0.0,7.07,2025-03-18,Moderate
5.0,0.2,14.0,9.17,2025-03-19,Poor
1.5,-4.7,0.0,7.39,2025-03-20,Poor
9.1,-2.2,1.0,6.19,2025-03-21,Poor
6.4,-6.2,0.0,6.08,2025-03-22,Poor
7.6,1.3,10.6,8.54,2025-03-23,Poor
8.3,-2.0,0.3,7.42,2025-03-24,Poor
10.2,-1.7,0.0,6.31,2025-03-25,Poor
13.5,-0.4,0.0,5.05,2025-03-26,Poor
16.5,5.4,0.1,4.05,2025-03-27,Moderate
26.3,6.5,0.1,7.96,2025-03-28,Moderate
18.5,3.0,3.2,6.5,2025-03-29,Poor
8.0,1.3,19.2,6.2,2025-03-30,Poor
7.4,-2.5,0.6,5.27,2025-03-31,Poor
6.4,-2.9,3.3,7.67,2025-04-01,Poor
22.1,2.3,12.3,9.49,2025-04-02,Moderate
10.0,1.2,0.0,7.67,2025-04-03,Poor
10.8,-0.0,0.0,3.04,2025-04-04,Moderate
8.9,1.0,0.1,6.41,2025-04-05,Poor
11.0,-3.0,0.0,5.1,2025-04-06,Poor
5.6,-2.9,0.0,7.97,2025-04-07,Poor
7.4,-5.8,0.0,3.19,2025-04-08,Moderate
13.1,0.1,0.3,4.78,2025-04-09,Poor
11.9,0.5,0.4,4.22,2025-04-10,Poor
11.3,0.3,0.1,2.42,2025-04-11,Poor
15.8,0.6,0.0,5.56,2025-04-12,Moderate
17.3,7.8,2.5,6.24,2025-04-13,Poor
11.6,5.8,0.2,9.66,2025-04-14,Poor
10.6,3.5,0.7,8.05,2025-04-15,Poor
12.7,-2.0,0.0,5.16,2025-04-16,Poor
19.6,5.2,4.0,6.91,2025-04-17,Poor
18.5,9.4,22.4,5.03,2025-04-18,Poor
13.1,4.5,0.0,4.47,2025-04-19,Poor
11.2,2.2,23.8,7.4,2025-04-20,Poor
14.3,3.5,2.1,8.37,2025-04-21,Poor
21.8,5.0,1.1,5.84,2025-04-22,Moderate
21.7,6.1,3.1,4.27,2025-04-23,Moderate
21.1,7.7,1.3,4.99,2025-04-24,Moderate
13.5,6.7,14.2,5.45,2025-04-25,Poor
15.3,1.9,0.0,4.48,2025-04-26,Moderate
17.8,6.2,0.0,5.3,2025-04-27,Moderate
26.1,11.7,5.7,10.5,2025-04-28,Moderate
16.7,7.1,28.6,7.94,2025-04-29,Poor
18.1,3.2,0.0,3.67,2025-04-30,Moderate
14.1,8.5,14.5,4.02,2025-05-01,Poor
14.3,6.6,1.8,4.1,2025-05-02,Poor
14.6,5.3,0.7,3.95,2025-05-03,Poor
20.7,4.2,0.0,4.67,2025-05-04,Optimal
17.8,5.3,0.0,3.79,2025-05-05,Moderate
23.9,9.0,0.0,2.96,2025-05-06,Optimal
21.4,10.8,0.0,5.17,2025-05-07,Optimal
17.5,4.6,0.0,4.76,2025-05-08,Moderate
20.1,1.3,0.0,3.3,2025-05-09,Optimal
21.5,10.7,0.0,4.34,2025-05-10,Optimal
22.7,6.7,0.0,4.54,2025-05-11,Optimal
26.1,9.8,0.0,4.0,2025-05-12,Optimal
25.7,13.9,3.0,3.27,2025-05-13,Moderate
26.3,14.5,1.5,4.12,2025-05-14,Moderate
27.1,16.8,1.0,8.78,2025-05-15,Moderate
22.9,12.0,0.7,9.58,2025-05-16,Moderate
14.9,9.3,0.2,7.85,2025-05-17,Poor
18.1,9.2,0.0,3.59,2025-05-18,Moderate
14.9,5.2,0.0,7.53,2025-05-19,Poor
10.7,6.4,27.1,9.49,2025-05-20,Poor
11.2,7.4,4.8,5.05,2025-05-21,Poor
16.0,7.7,0.2,5.85,2025-05-22,Moderate
17.2,5.2,0.0,3.52,2025-05-23,Moderate
18.9,5.9,0.0,2.86,2025-05-24,Moderate
20.5,6.1,0.0,3.64,2025-05-25,Optimal
20.3,8.1,0.0,4.2,2025-05-26,Optimal
19.9,11.8,0.2,4.28,2025-05-27,Moderate
18.6,10.7,6.1,4.16,2025-05-28,Poor
21.0,8.1,1.0,3.51,2025-05-29,Moderate
25.3,11.2,0.0,7.81,2025-05-30,Optimal
24.7,14.0,0.0,4.61,2025-05-31,Optimal
25.9,10.2,0.0,2.9,2025-06-01,Optimal
30.3,14.4,0.0,6.44,2025-06-02,Moderate
25.4,14.8,22.5,6.52,2025-06-03,Moderate
24.1,11.9,0.0,3.01,2025-06-04,Optimal
25.3,11.4,0.0,2.71,2025-06-05,Optimal
24.5,15.5,0.2,3.24,2025-06-06,Optimal
27.1,14.9,0.0,4.59,2025-06-07,Optimal
23.8,14.9,6.6,7.0,2025-06-08,Moderate
20.0,12.3,3.1,6.7,2025-06-09,Moderate
26.0,11.9,0.0,5.79,2025-06-10,Optimal
32.0,19.0,1.9,5.02,2025-06-11,Poor
25.9,15.9,3.6,5.68,2025-06-12,Moderate
26.1,14.3,0.0,5.35,2025-06-13,Optimal
27.8,13.3,0.0,4.57,2025-06-14,Optimal
25.0,18.1,1.5,3.66,2025-06-15,Moderate
27.5,18.2,4.1,4.31,2025-06-16,Moderate
28.4,19.7,3.5,5.41,2025-06-17,Moderate
24.2,18.8,8.5,3.7,2025-06-18,Moderate
27.3,17.0,0.0,3.7,2025-06-19,Optimal
29.7,20.4,1.2,6.57,2025-06-20,Moderate
34.0,25.2,0.1,9.07,2025-06-21,Moderate
34.0,25.8,0.0,8.52,2025-06-22,Moderate
31.1,22.8,13.4,6.46,2025-06-23,Poor
28.9,22.6,5.8,3.39,2025-06-24,Moderate
26.7,21.7,10.5,3.96,2025-06-25,Moderate
29.9,20.6,35.1,3.85,2025-06-26,Moderate
24.0,18.4,1.6,4.94,2025-06-27,Moderate
29.5,17.0,0.0,3.89,2025-06-28,Optimal
31.2,20.6,0.0,4.35,2025-06-29,Moderate
28.3,18.9,0.3,5.16,2025-06-30,Moderate
27.9,17.4,0.0,4.0,2025-07-01,Optimal
29.1,18.9,0.0,3.96,2025-07-02,Optimal
31.2,19.2,3.9,4.15,2025-07-03,Poor
31.9,22.5,0.0,5.34,2025-07-04,Moderate
29.6,22.8,7.7,6.2,2025-07-05,Moderate
28.2,21.6,3.2,4.59,2025-07-06,Moderate
27.2,18.3,0.7,3.0,2025-07-07,Optimal
28.7,19.3,2.9,2.7,2025-07-08,Moderate
28.6,17.9,0.0,2.79,2025-07-09,Optimal
26.3,19.4,13.7,4.16,2025-07-10,Moderate
25.7,20.2,26.9,3.81,2025-07-11,Moderate
26.2,19.4,4.2,5.18,2025-07-12,Moderate
26.5,15.7,0.0,3.26,2025-07-13,Optimal
28.8,18.1,1.0,3.31,2025-07-14,Optimal
29.5,19.9,0.0,4.82,2025-07-15,Optimal
27.0,18.5,25.0,6.77,2025-07-16,Moderate
21.7,14.7,0.0,4.43,2025-07-17,Optimal
23.4,12.6,0.0,3.49,2025-07-18,Optimal
27.3,19.1,5.1,4.52,2025-07-19,Moderate
25.7,19.4,0.0,5.15,2025-07-20,Optimal
27.1,15.7,0.2,4.14,2025-07-21,Moderate
29.7,21.2,0.7,5.22,2025-07-22,Moderate
32.4,22.8,8.9,6.49,2025-07-23,Poor
27.4,22.7,1.7,4.94,2025-07-24,Moderate
27.9,20.3,1.5,3.15,2025-07-25,Moderate
29.1,21.2,0.4,3.37,2025-07-26,Optimal
31.4,20.0,0.0,3.43,2025-07-27,Moderate
32.0,21.8,0.6,4.6,2025-07-28,Moderate
30.2,22.0,3.2,6.87,2025-07-29,Poor
24.1,17.4,7.6,3.81,2025-07-30,Moderate
23.5,16.2,0.0,4.04,2025-07-31,Optimal
,,,,2025-08-01,Poor
,,,,2025-08-02,Poor
